,feature01,feature02,feature04,feature05,feature06,feature07,feature08,feature09,feature10,feature10.1,feature13,feature14,feature15,feature16,feature17,feature18,feature19,feature21,feature22,feature23,target
318,3.0,680.0,774.0,774,8,1968,8,5,2009,2,red,1,good,amazing,4,1,5,1,1194,2010,269500
1767,3.0,832.0,2444.0,2444,10,4316,10,6,1994,3,red,2,amazing,amazing,4,1,1,1,1872,1995,755000
37,3.0,772.0,1704.0,1704,7,1704,8,5,2007,2,red,1,good,good,3,1,5,0,0,2008,306000
429,3.0,896.0,2020.0,2020,7,2020,9,5,2008,2,red,1,good,amazing,3,1,5,0,0,2008,404000
1177,2.0,846.0,970.0,1469,7,2393,10,5,1998,2,red,1,bad,amazing,2,1,2,1,924,1999,345000
1300,2.0,528.0,924.0,1122,6,1122,5,7,1948,1,red,0,NA,good,2,1,5,0,0,2005,147000
605,2.0,472.0,1516.0,1516,6,1516,6,6,1964,1,red,0,NA,bad,3,1,2,1,0,1964,167000
619,1.0,338.0,1050.0,1050,5,1050,5,6,1956,1,red,0,NA,bad,2,1,6,0,0,1956,128900
302,1.0,200.0,480.0,540,4,540,2,5,1941,1,red,0,NA,bad,1,1,4,0,0,1950,82000
447,3.0,968.0,2392.0,2392,8,2392,10,5,2003,2,red,1,amazing,amazing,3,1,6,0,0,2003,386250
2477,2.0,688.0,941.0,941,7,1837,6,5,1997,2,red,0,NA,bad,3,1,7,1,896,1998,187000
908,1.0,240.0,778.0,944,7,1489,6,7,1940,2,red,1,good,bad,3,1,7,0,545,1950,139500
1011,3.0,656.0,1122.0,1134,11,2504,9,5,2005,2,red,1,good,amazing,4,1,6,1,1370,2007,325000
2087,1.0,280.0,951.0,986,7,1362,4,5,1920,2,red,0,NA,bad,4,1,3,0,376,1950,96000
2016,2.0,379.0,756.0,903,6,1281,5,6,1926,1,blue,0,NA,good,2,1,8,0,378,1950,132500
1077,2.0,474.0,764.0,764,6,1626,7,5,2003,2,red,0,NA,good,2,1,10,1,862,2004,155000
2171,2.0,576.0,901.0,901,7,1351,5,6,1925,1,red,1,good,bad,3,1,7,0,450,1950,122000
550,2.0,465.0,676.0,698,6,1400,6,7,1986,2,red,0,NA,bad,3,1,7,1,702,1986,162000
1419,2.0,614.0,1077.0,1093,9,2814,6,5,1995,2,red,1,bad,good,4,1,6,1,1721,2002,260000
1584,2.0,435.0,1666.0,1675,6,1675,6,5,1999,2,red,0,NA,good,3,1,12,0,0,2000,195000
2356,2.0,528.0,832.0,832,8,1664,7,5,1976,2,red,1,bad,bad,4,1,3,1,832,1976,162900
656,2.0,720.0,676.0,676,7,1352,5,7,1939,2,red,0,NA,good,4,1,8,0,676,2006,149000
935,2.0,462.0,561.0,561,5,1229,6,6,1980,1,red,1,bad,bad,2,1,5,1,668,1980,124000
191,1.0,363.0,988.0,1030,7,1612,5,6,1950,1,red,0,NA,bad,3,1,3,1,582,1997,128500
2293,2.0,528.0,1244.0,1356,6,1356,6,6,1977,2,red,1,bad,bad,3,1,9,0,0,1977,188000
2307,3.0,963.0,1617.0,1797,7,1797,5,5,1957,1,red,1,bad,bad,3,1,6,1,0,1957,169000
522,2.0,692.0,1372.0,1448,6,1448,8,5,2006,2,red,1,good,good,2,1,6,0,0,2007,238500
2677,1.0,258.0,728.0,728,6,1162,3,5,1930,1,red,0,NA,bad,3,1,11,0,434,1950,75000
2839,2.0,609.0,954.0,1482,6,1482,4,4,1954,2,red,1,good,bad,3,1,10,0,0,1968,125000
1012,3.0,670.0,1884.0,1884,7,1884,9,5,2004,2,red,1,good,amazing,2,1,9,0,0,2004,387000
355,2.0,440.0,952.0,952,7,1636,6,5,1998,2,red,1,bad,bad,3,1,10,1,684,1999,191000
676,2.0,400.0,0.0,1040,6,1040,3,4,1950,2,blue,0,NA,bad,2,2,6,0,0,1950,92900
788,2.0,480.0,1436.0,1689,7,1689,6,5,1956,1,red,1,good,bad,3,1,11,0,0,1956,127500
1276,1.0,240.0,854.0,854,6,1278,6,5,1954,1,blue,0,NA,bad,4,1,4,0,424,1954,127500
1547,1.0,432.0,816.0,816,5,816,6,8,1930,1,red,0,NA,bad,2,1,6,0,0,2007,120500
568,2.0,561.0,1726.0,1726,6,1726,6,5,2008,2,red,1,good,good,2,1,1,1,0,2008,222000
1488,1.0,276.0,1256.0,1256,6,1256,5,6,1965,1,red,0,NA,bad,3,1,6,1,0,1965,147500
2268,2.0,438.0,868.0,1146,6,1146,7,5,2003,2,red,1,good,good,3,1,5,0,0,2003,187500
937,2.0,551.0,1803.0,2365,7,2365,7,9,1971,2,red,2,good,amazing,3,1,7,0,0,2009,315000
2354,2.0,485.0,675.0,1109,8,1875,6,6,1975,3,red,1,bad,good,3,1,6,0,766,2000,184500
409,2.0,440.0,804.0,804,7,1548,6,5,1976,2,red,1,bad,bad,3,1,9,1,744,1976,146000
2813,2.0,564.0,750.0,750,6,1500,6,5,2005,2,red,0,NA,good,3,1,8,1,750,2006,173900
57,2.0,400.0,384.0,774,7,1430,7,5,2000,2,red,1,bad,bad,3,1,4,1,656,2000,180000
1109,2.0,691.0,1986.0,1987,7,1987,8,5,1994,2,red,1,bad,good,2,1,8,0,0,1994,301500
2534,2.0,504.0,976.0,976,4,976,6,7,1968,1,red,1,okay,good,2,1,8,0,0,2004,157500
2615,2.0,418.0,1313.0,1773,6,1773,6,6,1961,2,red,2,bad,bad,3,1,8,0,0,1992,183000
241,2.0,572.0,1508.0,1508,5,1508,7,5,2009,1,red,2,bad,good,1,1,1,0,0,2010,308030
1557,3.0,1248.0,894.0,894,6,894,3,4,1935,1,red,0,NA,bad,2,1,8,0,0,1950,81000
2819,0.0,0.0,976.0,1012,4,1012,6,5,1975,2,red,0,NA,bad,4,0,10,0,0,1975,127500
1291,0.0,0.0,828.0,828,9,1594,4,6,1910,2,blue,0,NA,bad,3,2,6,0,658,1996,118000
406,1.0,264.0,483.0,483,5,987,6,8,1972,1,red,0,NA,good,2,1,5,1,504,2007,118000
1989,2.0,816.0,725.0,909,7,1772,8,9,1910,2,red,0,NA,good,3,1,5,1,863,1999,184900
2215,1.0,231.0,930.0,1230,7,1755,4,6,1930,2,red,1,bad,good,4,1,11,0,525,2003,188000
1485,0.0,0.0,796.0,796,4,796,5,7,1910,1,blue,0,NA,bad,2,1,5,0,0,1950,85000
1289,1.0,256.0,672.0,672,4,672,5,4,1940,1,red,0,NA,bad,2,1,8,0,0,1950,64000
456,3.0,949.0,2492.0,2492,8,2492,10,5,2004,2,red,1,amazing,amazing,2,1,2,1,0,2005,552000
1906,1.0,288.0,1078.0,1150,6,1150,5,6,1955,1,red,0,NA,bad,2,1,10,0,0,1955,144000
2458,3.0,834.0,1616.0,1616,7,1616,7,5,2005,2,red,0,NA,good,3,1,4,0,0,2005,232000
756,1.0,379.0,483.0,741,7,1427,6,7,1915,1,red,0,NA,good,3,1,2,0,686,2002,123000
1262,2.0,495.0,1312.0,1312,6,1312,7,7,1958,1,red,1,good,bad,3,1,4,1,0,2001,186000
2038,1.0,288.0,530.0,581,6,1111,5,7,1920,1,red,0,NA,okay,3,1,3,0,530,1996,101000
491,2.0,502.0,841.0,892,7,1675,6,5,1999,2,red,1,bad,bad,3,1,6,1,783,1999,181000
1409,2.0,540.0,1127.0,1236,7,2108,6,7,1935,2,red,2,bad,good,4,1,7,0,872,1986,235000
442,3.0,738.0,1462.0,1462,10,2224,9,5,2004,2,red,1,good,amazing,4,1,6,1,762,2005,350000
2787,1.0,297.0,864.0,864,5,864,5,8,1972,1,red,0,NA,bad,3,1,3,0,0,1972,119900
1247,2.0,400.0,984.0,950,5,950,5,5,1953,1,red,0,NA,bad,2,1,7,0,0,1953,130000
2058,1.0,264.0,876.0,897,5,897,5,5,1968,1,red,0,NA,bad,3,1,1,0,0,1968,115000
1437,2.0,588.0,873.0,882,7,1790,7,5,1999,2,red,0,NA,good,3,1,6,1,908,1999,193000
1357,1.0,228.0,588.0,833,7,1666,8,7,1925,1,red,1,good,good,3,1,6,0,833,1996,161000
2370,1.0,264.0,483.0,483,5,948,6,5,1972,1,red,0,NA,bad,2,1,7,1,465,1972,89000
1706,3.0,843.0,1802.0,1802,7,1802,9,5,2006,2,red,1,good,amazing,3,1,6,1,0,2006,372000
1240,2.0,441.0,1395.0,1570,5,1570,6,6,1958,1,red,1,bad,bad,3,1,5,0,0,1958,166800
2784,1.0,300.0,971.0,971,5,971,5,6,1969,1,red,1,horrible,bad,3,1,5,1,0,1969,128500
334,1.0,312.0,1188.0,1188,6,1188,5,7,1962,1,red,0,NA,bad,3,1,4,0,0,1962,157900
904,2.0,660.0,984.0,984,6,1604,5,5,1941,2,red,0,NA,bad,3,1,7,0,620,1960,117000
1814,2.0,529.0,1575.0,1575,5,1575,6,5,1992,2,red,0,NA,good,2,1,7,0,0,1992,179200
1030,2.0,483.0,803.0,1098,8,1964,7,6,1976,2,red,1,good,bad,4,1,9,1,866,1976,205000
2376,1.0,319.0,1055.0,1055,4,1055,7,7,1976,2,red,0,NA,bad,2,1,4,0,0,1976,137500
1635,3.0,676.0,1922.0,1922,8,1922,9,5,2005,2,red,1,good,good,3,1,7,0,0,2006,377426
2788,2.0,484.0,630.0,630,5,1320,6,5,1993,2,red,0,NA,bad,3,1,6,1,690,1994,137000
2580,1.0,447.0,1070.0,1236,6,1236,5,6,1957,1,red,1,okay,good,2,1,5,0,0,1996,134450
2614,1.0,308.0,816.0,816,5,816,5,7,1957,1,blue,0,NA,bad,2,1,7,0,0,1957,129900
911,2.0,576.0,1122.0,1328,7,1981,4,3,1928,2,red,2,bad,good,4,1,12,0,653,1950,135000
521,3.0,478.0,1766.0,1766,7,1766,9,5,2009,2,red,1,good,amazing,2,1,10,1,0,2009,370878
1338,1.0,240.0,739.0,874,7,1342,6,5,1939,2,red,1,good,bad,2,2,4,0,468,1950,105000
1862,2.0,650.0,1057.0,1057,7,1929,7,5,2001,2,red,1,bad,good,3,1,5,1,872,2001,226000
928,2.0,463.0,1561.0,1561,6,1561,6,6,1960,2,red,1,good,bad,3,1,5,0,0,1960,193000
585,2.0,515.0,932.0,1271,8,2640,6,7,1967,2,red,1,bad,good,5,1,5,1,1369,1997,256900
463,2.0,474.0,764.0,764,6,1626,7,5,2003,2,red,0,NA,good,2,1,7,0,862,2004,173000
2904,4.0,784.0,1288.0,1368,8,1368,7,5,1997,2,red,0,NA,bad,2,2,11,0,0,1997,215000
306,2.0,504.0,540.0,1044,4,1044,5,5,1952,1,blue,0,NA,okay,2,1,6,0,0,1952,55993
132,1.0,364.0,1156.0,1520,7,1520,6,6,1955,1,red,2,good,bad,3,1,3,0,0,1972,153000
1805,2.0,610.0,1580.0,1580,8,2466,8,5,2004,3,red,1,good,good,4,1,12,0,886,2005,340000
530,2.0,400.0,1221.0,1221,6,1221,7,5,2004,2,red,0,NA,good,2,1,10,0,0,2005,185000
2587,1.0,319.0,1005.0,1005,6,1005,5,5,1956,1,red,1,bad,bad,2,1,7,0,0,1956,133500
144,2.0,531.0,1188.0,1188,6,1188,5,5,1959,1,red,0,NA,bad,3,1,5,0,0,1959,142000
2510,2.0,440.0,756.0,768,4,1524,6,5,2000,2,red,0,NA,good,2,1,6,1,756,2000,166000
2444,3.0,768.0,1160.0,1205,7,2234,8,5,2000,2,red,1,bad,good,3,1,6,1,1029,2000,300000
727,0.0,0.0,245.0,797,5,797,3,3,1900,1,red,0,NA,bad,2,1,9,0,0,1950,44000
204,1.0,180.0,662.0,662,6,1324,6,8,1920,1,red,0,NA,bad,3,1,2,0,662,1993,122000
41,3.0,730.0,1698.0,1698,7,1698,9,5,2005,2,red,1,good,amazing,3,1,6,0,0,2005,275000
2799,2.0,610.0,930.0,950,8,1995,7,5,1995,2,red,1,bad,good,4,1,7,1,1045,1996,237000
2010,1.0,217.0,600.0,608,6,1232,6,6,1939,1,red,2,bad,bad,3,1,2,1,624,1950,128000
1196,2.0,576.0,1728.0,1728,10,1728,5,5,1965,2,red,0,NA,bad,6,2,11,0,0,1965,142600
2710,1.0,336.0,912.0,934,4,934,6,7,1964,1,red,0,NA,bad,2,1,7,0,0,1964,132000
2855,1.0,240.0,992.0,992,6,1465,5,5,1939,2,red,2,bad,bad,3,1,7,0,473,1950,131000
2182,2.0,525.0,547.0,1072,5,1072,6,5,2005,1,red,0,NA,good,2,1,5,0,0,2005,140000
4,2.0,482.0,928.0,928,6,1629,5,5,1997,2,red,1,bad,bad,3,1,3,1,701,1998,189900
726,0.0,0.0,720.0,720,4,720,4,5,1920,1,blue,0,NA,bad,2,1,11,0,0,1950,34900
952,2.0,539.0,0.0,1302,8,1734,5,5,1977,2,red,0,NA,good,4,2,8,0,432,1977,126000
2291,2.0,539.0,1029.0,1062,5,1062,6,5,1976,1,red,2,bad,bad,3,1,5,0,0,1976,146800
2153,2.0,608.0,860.0,1212,7,1992,7,5,1996,2,red,2,bad,good,3,1,6,1,780,2002,211000
2783,3.0,672.0,995.0,1282,6,1282,6,6,1978,2,red,0,NA,bad,3,1,4,0,0,1978,174000
2719,2.0,451.0,1052.0,1252,8,1920,5,5,1958,2,red,1,good,good,4,1,7,0,668,1958,172500
1727,2.0,572.0,768.0,768,7,1496,6,5,2007,3,red,0,NA,good,3,1,5,0,728,2007,181755
1394,1.0,240.0,672.0,672,4,672,5,8,1940,1,red,0,NA,bad,2,1,8,0,0,1997,108000
394,2.0,440.0,1026.0,1026,5,1026,6,8,1969,1,red,0,NA,good,3,1,7,0,0,2005,156000
1938,1.0,390.0,923.0,925,5,925,5,5,1955,1,red,2,bad,bad,3,1,3,0,0,1955,116900
2633,1.0,336.0,864.0,864,5,864,5,6,1962,1,red,0,NA,bad,3,1,2,0,0,1962,105000
254,2.0,484.0,676.0,831,6,1445,6,8,1900,2,red,0,NA,bad,3,1,3,0,614,1993,138500
2907,0.0,0.0,1140.0,1140,6,1140,5,5,2006,1,red,0,NA,bad,3,1,7,0,0,2006,84500
361,2.0,343.0,702.0,702,6,1481,6,5,1994,2,red,1,bad,bad,3,1,3,1,779,1995,174000
1888,2.0,784.0,964.0,964,5,964,5,7,1961,1,red,1,okay,bad,3,1,2,0,0,1961,137500
1497,2.0,624.0,0.0,3820,11,3820,5,7,1959,3,red,2,good,amazing,5,1,7,1,0,1996,284700
804,2.0,473.0,1079.0,1079,8,1879,7,5,1993,2,red,1,bad,good,3,1,8,1,800,1994,239900
1739,2.0,400.0,728.0,728,7,1456,7,5,2007,2,red,0,NA,good,3,1,7,1,728,2007,177594
844,2.0,666.0,1431.0,1431,6,1431,7,5,1999,2,red,0,NA,good,3,1,9,0,0,1999,192000
2062,2.0,528.0,660.0,1285,7,1285,6,5,1977,1,red,1,bad,bad,3,1,4,1,0,1977,143500
235,1.0,366.0,458.0,835,5,835,5,5,1920,1,red,0,NA,bad,2,1,5,0,0,1950,83000
614,0.0,0.0,420.0,708,5,708,4,7,1940,1,red,0,NA,okay,2,1,12,0,0,1950,82500
2545,1.0,461.0,1251.0,1251,6,1251,6,6,1964,1,red,2,good,bad,3,1,3,0,0,1964,160000
1546,0.0,0.0,796.0,796,5,796,4,4,1922,1,red,0,NA,bad,2,1,1,0,0,1950,55000
1047,2.0,460.0,855.0,855,7,1456,6,6,1975,2,red,0,NA,bad,4,1,5,1,601,1975,143000
1003,2.0,470.0,926.0,926,7,1604,6,5,1997,2,red,1,bad,bad,3,1,7,1,678,1998,181000
657,1.0,281.0,405.0,717,6,1039,4,8,1900,1,red,0,NA,bad,2,1,5,0,322,2003,114000
1372,1.0,322.0,952.0,1211,5,1211,5,5,1968,1,red,1,bad,bad,3,1,8,0,0,1968,134000
1686,3.0,818.0,1694.0,1694,7,1694,8,5,2007,2,red,0,NA,good,3,1,12,0,0,2007,318000
680,1.0,294.0,1041.0,1041,6,1041,5,6,1958,1,red,0,NA,bad,3,1,3,0,0,1958,128000
1517,1.0,240.0,720.0,1052,8,2192,5,8,1939,2,red,1,good,good,4,1,7,1,720,1997,179500
1167,2.0,495.0,1614.0,1638,5,1638,9,5,2000,2,red,1,bad,amazing,2,1,7,0,0,2000,300000
1020,2.0,550.0,2048.0,2064,7,2064,7,5,1978,2,red,2,okay,good,3,1,8,0,0,1978,235000
729,1.0,216.0,1022.0,1432,6,1432,6,6,1923,1,blue,1,good,good,3,1,9,0,0,1950,149000
2107,2.0,628.0,1208.0,1208,6,1208,7,5,2007,2,red,0,NA,good,2,1,9,0,0,2007,195400
1472,2.0,532.0,1536.0,1536,7,1536,7,5,2002,2,red,0,NA,good,3,1,12,0,0,2003,214000
2596,1.0,326.0,833.0,833,4,833,5,7,1954,1,red,0,NA,good,2,1,8,0,0,2000,117000
1254,1.0,390.0,0.0,869,3,869,4,6,1948,1,red,0,NA,bad,1,1,8,0,0,1950,89900
1201,2.0,484.0,800.0,800,7,1632,6,8,1966,1,red,0,NA,good,4,1,7,1,832,2000,173000
2803,2.0,420.0,848.0,848,3,848,6,5,2004,1,red,1,good,good,1,1,5,0,0,2004,155900
1018,2.0,576.0,1422.0,1422,7,1422,6,6,1981,2,red,1,bad,good,3,1,6,0,0,1981,175500
2514,1.0,434.0,569.0,854,6,1694,7,5,1997,2,red,1,bad,good,3,1,11,1,840,1998,200000
1944,1.0,371.0,1216.0,1216,7,1728,5,6,1953,1,red,1,good,bad,3,1,6,0,0,2004,156000
640,2.0,498.0,1297.0,1297,5,1297,5,6,1954,1,red,1,bad,bad,3,1,10,0,0,1990,153000
738,1.0,180.0,884.0,904,4,904,6,7,1926,1,red,0,NA,bad,2,1,1,0,0,2004,119000
526,2.0,438.0,1092.0,1112,7,1550,7,5,2006,2,red,0,NA,good,2,1,10,0,438,2007,241000
286,1.0,216.0,806.0,841,6,1647,6,4,1915,1,green,0,NA,okay,4,1,5,1,806,1950,128000
2780,3.0,843.0,1541.0,1541,6,1541,7,5,2001,2,red,1,bad,good,3,1,1,0,0,2002,205000
2928,2.0,418.0,1389.0,1389,6,1389,5,5,1974,1,red,1,bad,bad,2,1,4,0,0,1975,170000
2248,2.0,470.0,888.0,912,5,912,6,6,1978,1,red,1,bad,bad,2,1,6,0,0,1978,156000
789,1.0,340.0,1073.0,1073,5,1073,5,5,1956,1,blue,0,NA,bad,2,1,2,0,0,1956,121500
1442,2.0,626.0,928.0,928,6,1823,7,5,2000,2,red,0,NA,good,3,1,5,1,895,2001,235000
2092,2.0,576.0,1502.0,1553,8,2730,7,5,1986,2,red,1,bad,good,4,1,8,1,1177,1987,301000
1279,1.0,350.0,825.0,825,4,825,5,7,1954,1,blue,0,NA,bad,2,1,7,0,0,1954,109500
2305,2.0,452.0,1178.0,1293,5,1293,6,5,1954,2,red,0,NA,bad,2,1,5,0,0,1954,149900
2890,3.0,766.0,1907.0,1959,9,1959,7,5,1988,3,red,0,NA,bad,5,2,7,0,0,1989,171000
1102,3.0,938.0,1982.0,2006,5,2006,8,5,1998,2,red,1,bad,good,2,1,7,0,0,1998,350000
2701,1.0,288.0,1062.0,1352,6,1352,5,4,1958,1,green,0,NA,good,3,1,7,0,0,1958,130000
2007,2.0,495.0,915.0,1167,6,1167,5,5,1920,1,red,1,good,bad,3,1,5,0,0,1950,144000
145,2.0,461.0,1268.0,1264,6,1264,5,5,1960,1,red,2,good,bad,3,1,4,0,0,1960,167500
2642,1.0,200.0,502.0,502,5,1004,7,8,1930,1,red,1,horrible,good,2,1,7,0,502,1950,105000
2750,3.0,848.0,1308.0,1308,7,1876,7,5,2005,2,red,0,NA,good,3,1,7,1,568,2006,229800
1450,1.0,280.0,924.0,924,5,924,5,6,1975,1,red,0,NA,bad,3,1,4,0,0,1975,110000
2030,1.0,240.0,1040.0,1226,7,1818,7,4,1931,1,green,2,bad,bad,4,1,6,1,592,1950,169500
162,1.0,305.0,1246.0,1246,6,1246,5,7,1959,1,red,0,NA,good,3,1,5,1,0,1994,154000
1931,2.0,484.0,1560.0,1560,8,1560,5,5,1958,2,red,0,NA,bad,4,2,12,0,0,1958,128600
785,1.0,303.0,1617.0,1867,7,1867,5,5,1955,1,blue,3,good,bad,2,1,11,0,0,1993,190000
1408,2.0,396.0,1163.0,1163,8,1674,6,7,1918,2,red,1,good,bad,4,1,7,0,511,1950,185000
1816,2.0,504.0,840.0,884,5,884,5,7,1983,1,red,0,NA,good,2,1,12,0,0,1983,144000
2269,3.0,692.0,1922.0,1922,6,1922,8,5,2002,2,red,1,amazing,good,2,1,4,0,0,2002,282000
363,2.0,490.0,978.0,1005,9,1983,7,5,1999,2,red,1,bad,good,3,1,5,1,978,1999,225000
1687,3.0,856.0,1694.0,1694,7,1694,8,5,2006,2,red,1,good,good,3,1,6,0,0,2007,322400
490,3.0,658.0,1177.0,1223,8,2312,7,5,1999,2,red,1,bad,good,4,1,5,1,1089,1999,245000
2578,1.0,299.0,1092.0,1092,6,1092,5,5,1957,1,blue,1,bad,bad,2,1,5,0,0,1957,141000
1801,2.0,578.0,874.0,874,7,1761,7,6,2007,3,red,0,NA,good,3,1,8,0,887,2007,227875
2746,2.0,403.0,1298.0,1298,5,1298,6,5,1985,2,red,1,bad,good,3,1,5,0,0,1985,180000
2482,2.0,472.0,636.0,636,6,1320,6,5,1994,2,red,0,NA,good,3,1,7,1,684,1994,150000
1356,1.0,360.0,1242.0,1242,8,1984,6,8,1910,2,red,0,NA,bad,5,1,9,0,742,1983,160000
383,2.0,581.0,926.0,1016,7,1884,7,5,2003,2,red,1,amazing,amazing,3,1,6,1,868,2003,240900
973,1.0,297.0,462.0,526,5,988,4,5,1973,1,red,0,NA,bad,2,1,11,0,462,1973,91000
2821,1.0,360.0,1176.0,1176,5,1176,5,4,1969,1,red,0,NA,bad,2,1,12,0,0,1969,119900
2015,1.0,230.0,966.0,1014,6,1426,5,7,1930,1,red,1,good,bad,3,1,7,0,412,1992,131750
1530,2.0,599.0,784.0,819,7,1603,6,3,1923,1,red,1,good,bad,4,1,6,0,784,1950,138000
767,1.0,226.0,585.0,687,6,1112,5,3,1934,2,blue,0,NA,bad,4,1,3,0,425,1950,63000
39,3.0,868.0,1544.0,1544,7,1544,8,5,2009,2,red,0,NA,good,3,1,6,0,0,2010,290941
927,1.0,234.0,704.0,860,7,1564,7,7,1941,1,red,1,good,okay,3,1,7,1,704,1950,174500
1070,3.0,1052.0,1702.0,1702,7,1702,9,5,2008,1,red,1,good,amazing,1,1,10,1,0,2008,367294
2394,3.0,784.0,1524.0,1544,10,2358,8,5,2005,2,red,1,good,amazing,4,1,8,1,814,2006,329900
2820,0.0,0.0,945.0,980,4,980,6,5,1975,2,red,0,NA,bad,4,0,10,0,0,1975,127500
1794,2.0,575.0,1335.0,1335,6,1335,7,5,2006,2,red,0,NA,good,3,1,6,0,0,2007,210400
2130,2.0,517.0,845.0,845,7,1690,7,5,2001,2,red,0,NA,good,3,1,2,1,845,2001,190550
1226,1.0,377.0,992.0,1661,8,1661,6,6,1955,1,red,1,bad,good,3,1,10,0,0,1996,165500
2845,0.0,0.0,686.0,948,10,1928,5,8,1916,2,red,0,NA,bad,5,2,7,0,980,1995,160000
1213,2.0,520.0,1248.0,1350,6,1350,6,5,1964,1,red,0,NA,bad,3,1,6,1,0,1964,168500
59,3.0,779.0,1393.0,1422,10,2599,9,5,1999,2,red,1,bad,good,4,1,5,1,1177,1999,333168
2470,0.0,0.0,1142.0,1142,5,1142,6,5,2005,1,red,0,NA,good,3,1,1,1,0,2005,139500
1256,1.0,288.0,913.0,1048,6,1558,5,6,1945,1,blue,1,bad,bad,3,1,4,1,510,1950,140000
418,1.0,288.0,892.0,892,5,892,5,5,1967,1,red,0,NA,bad,3,1,7,0,0,1967,100000
774,2.0,576.0,858.0,858,5,858,5,5,1982,1,red,0,NA,bad,2,1,4,0,0,1982,134900
2801,2.0,484.0,1860.0,1836,8,1836,7,5,2004,2,red,1,good,good,3,1,10,0,0,2005,216837
1306,3.0,870.0,1470.0,1675,10,3493,7,9,1880,3,red,1,amazing,good,3,1,5,0,1818,2002,295000
2328,2.0,564.0,1742.0,1742,5,1742,8,5,1985,2,red,1,bad,good,2,1,12,0,0,1985,275000
2241,1.0,256.0,0.0,640,4,845,2,4,1939,1,red,0,NA,bad,1,1,3,0,0,1950,68104
1413,1.0,384.0,861.0,961,7,1367,5,8,1900,1,red,0,NA,bad,4,1,4,0,406,1950,119000
1426,3.0,874.0,1751.0,1766,8,1766,9,5,2008,2,red,2,good,amazing,3,1,12,1,0,2008,395039
1164,2.0,540.0,689.0,703,5,1392,7,5,2007,2,red,0,NA,good,2,1,2,0,689,2007,146000
2320,3.0,773.0,1700.0,1700,9,2212,7,5,2005,2,red,1,good,good,3,1,5,1,512,2006,309000
1410,1.0,322.0,1509.0,1509,6,1509,5,6,1956,1,blue,1,bad,good,3,1,7,0,0,1956,159900
2568,2.0,487.0,924.0,1216,8,2157,7,6,1966,2,red,2,good,good,4,1,5,1,941,1966,226000
2409,2.0,478.0,1405.0,1405,6,1405,7,5,2003,2,red,1,good,good,2,1,3,0,0,2003,171750
444,3.0,880.0,3206.0,1629,7,1629,8,5,2003,2,red,1,good,good,3,1,10,0,0,2004,284000
481,2.0,393.0,698.0,698,7,1342,7,5,2003,2,red,1,bad,good,3,1,5,1,644,2003,178000
2388,3.0,670.0,1090.0,1117,10,2206,9,5,2005,2,red,1,good,amazing,4,1,8,1,1089,2006,300000
2730,1.0,450.0,430.0,880,7,1700,7,5,1980,2,red,0,NA,good,2,1,4,1,680,1981,148400
2463,3.0,1053.0,1095.0,1095,8,1939,8,5,2006,2,red,1,good,good,3,1,8,1,844,2006,266000
722,1.0,280.0,1022.0,1022,4,1022,5,4,1910,1,red,0,NA,bad,2,1,6,0,0,2006,85000
1360,1.0,308.0,768.0,768,7,1536,6,6,1952,1,blue,0,NA,bad,4,1,5,1,768,1952,136000
860,1.0,396.0,768.0,768,5,768,5,8,1972,1,red,0,NA,bad,2,1,4,0,0,2003,133900
2104,2.0,508.0,1274.0,1274,6,1274,7,5,2005,2,red,0,NA,good,3,1,1,0,0,2007,203000
1769,3.0,834.0,1379.0,1383,8,2398,7,5,1996,2,red,1,bad,good,3,1,8,1,1015,1997,315750
6,2.0,582.0,1338.0,1338,6,1338,8,5,2001,2,red,0,NA,good,2,1,4,0,0,2001,213500
1283,1.0,308.0,192.0,1133,7,1133,6,5,2008,1,red,0,NA,bad,3,1,12,0,0,2008,143000
2732,2.0,504.0,967.0,1350,6,1350,4,5,1954,1,red,1,good,bad,3,1,6,1,0,1954,146000
1013,2.0,495.0,1632.0,1474,7,1474,6,2,1952,1,blue,2,good,bad,3,1,5,0,0,1952,115000
2600,2.0,720.0,1120.0,1130,5,1130,5,6,1920,1,red,1,good,bad,2,1,6,0,0,1950,120000
125,0.0,0.0,1728.0,1728,10,1728,5,6,1962,2,red,0,NA,bad,6,2,1,0,0,2001,84900
2673,2.0,420.0,1004.0,1004,7,1664,6,7,1947,2,red,2,good,bad,3,1,10,0,660,1950,159000
1204,1.0,267.0,0.0,1014,6,1014,5,5,1956,1,red,0,NA,bad,2,1,3,0,0,1956,98000
2823,0.0,0.0,914.0,914,4,914,6,5,2002,1,red,0,NA,good,2,1,4,0,0,2002,117250
713,2.0,720.0,677.0,833,7,1510,4,4,1910,2,red,0,NA,good,3,1,6,0,677,1950,87500
1365,0.0,0.0,319.0,1035,6,1406,6,7,1920,1,blue,0,NA,okay,3,1,3,0,371,1950,89500
1678,2.0,440.0,630.0,630,6,1302,5,5,1970,2,red,0,NA,bad,3,1,4,1,672,1970,106000
395,2.0,477.0,1180.0,1180,6,1180,5,5,1970,1,red,0,NA,bad,2,1,3,1,0,1970,128000
2762,2.0,610.0,784.0,784,6,1596,7,5,2005,2,red,0,NA,good,3,1,6,1,812,2005,181000
223,1.0,299.0,663.0,663,7,1352,6,7,1969,1,red,0,NA,bad,4,1,3,1,689,1969,158000
2543,2.0,588.0,1626.0,1712,8,1712,5,5,1959,2,red,0,NA,bad,4,2,6,0,0,2005,145000
17,3.0,834.0,1856.0,1856,8,1856,9,2,2010,1,red,1,amazing,amazing,1,1,6,1,0,2010,394432
58,2.0,434.0,884.0,884,8,2035,7,5,2001,2,red,1,good,good,3,1,5,1,1151,2001,222500
986,2.0,440.0,624.0,624,6,1287,5,5,1992,1,red,0,NA,bad,3,1,7,1,663,1992,130000
2517,2.0,546.0,1208.0,1208,6,1208,6,6,1977,1,red,1,bad,bad,3,1,6,1,0,1977,165000
2499,2.0,462.0,1288.0,1301,9,2417,8,5,1991,2,red,1,bad,good,4,1,4,1,1116,1992,260000
2256,1.0,286.0,1502.0,1502,5,1502,7,5,1998,1,red,1,bad,good,1,1,9,1,0,1998,330000
2068,2.0,494.0,967.0,1299,6,1299,6,5,1954,1,red,1,bad,good,3,1,10,0,0,1995,150000
415,2.0,440.0,855.0,855,7,1441,6,6,1978,2,red,1,bad,bad,3,1,4,1,586,1978,148500
2050,2.0,440.0,1005.0,1005,5,1005,4,3,1964,1,red,0,NA,bad,3,1,7,0,0,1964,115400
2504,2.0,588.0,1143.0,1143,5,1143,7,5,2004,1,red,1,good,good,1,1,5,1,0,2004,176400
264,2.0,670.0,1581.0,1601,6,1601,8,5,2001,2,red,1,bad,good,3,1,5,0,0,2002,272000
1757,2.0,400.0,660.0,660,6,1320,7,5,2003,2,red,0,NA,good,3,1,8,1,660,2003,162000
1861,2.0,600.0,1361.0,1361,12,2620,5,5,1977,2,red,1,bad,bad,4,2,8,2,1259,1977,190000
2450,3.0,959.0,1733.0,1933,11,3500,9,5,1993,3,red,1,bad,amazing,4,1,5,1,1567,1994,584500
1738,2.0,440.0,752.0,752,6,1504,6,5,2007,2,red,0,NA,good,3,1,12,1,752,2007,166000
149,1.0,318.0,864.0,1064,4,1064,5,7,1952,1,red,0,NA,okay,2,1,5,0,0,1952,135000
107,2.0,484.0,1226.0,1226,4,1226,8,6,1978,1,red,1,bad,good,1,1,1,0,0,1978,206000
1661,2.0,488.0,1084.0,1084,8,1877,6,6,1974,2,red,1,bad,bad,4,1,11,1,793,1974,178900
981,1.0,429.0,384.0,1091,5,1091,6,5,1993,1,red,0,NA,bad,2,1,8,0,0,1996,131250
1440,2.0,530.0,1494.0,1494,6,1494,7,5,2002,2,red,1,bad,good,3,1,9,0,0,2002,221000
1389,1.0,300.0,960.0,960,6,960,5,8,1963,1,red,0,NA,good,3,1,5,0,0,2003,144900
1,1.0,730.0,882.0,896,5,896,5,6,1961,1,red,0,NA,bad,2,1,6,0,0,1961,105000
388,2.0,528.0,1116.0,1116,6,1116,6,6,1974,2,red,1,bad,bad,3,1,4,0,0,1974,167900
534,2.0,484.0,1141.0,1141,6,1141,7,5,2006,1,red,0,NA,good,3,1,6,1,0,2006,152000
592,2.0,528.0,810.0,810,6,1665,8,6,2001,2,red,0,NA,good,3,1,11,1,855,2001,227000
1006,2.0,409.0,712.0,1086,7,1895,7,5,1994,2,red,1,bad,good,3,1,10,1,809,1996,194500
1199,2.0,831.0,1142.0,1175,11,2715,8,9,1976,3,red,2,bad,good,4,1,7,1,1540,1996,299800
457,3.0,685.0,2200.0,2200,8,2200,8,5,2003,2,red,1,good,amazing,3,1,7,1,0,2004,382500
895,1.0,195.0,1078.0,1368,6,1368,5,5,1950,1,blue,0,NA,bad,3,1,6,0,0,1950,120000
2683,1.0,205.0,616.0,616,4,616,5,7,1921,1,red,0,NA,bad,2,1,6,0,0,1950,89000
704,2.0,576.0,936.0,936,4,936,4,4,1953,1,red,0,NA,bad,2,1,2,0,0,1953,93000
1422,2.0,472.0,672.0,1302,8,2037,7,5,1996,2,red,1,bad,good,3,1,2,1,735,1996,229000
716,4.0,864.0,1240.0,1320,8,2640,7,7,1880,1,red,1,good,good,4,1,5,1,1320,2003,265979
2167,2.0,461.0,1214.0,1214,6,1214,5,7,1965,1,red,0,NA,bad,2,1,4,0,0,1965,140000
868,2.0,608.0,944.0,944,6,1870,7,5,2001,2,red,0,NA,good,3,1,5,1,926,2001,211000
1654,2.0,478.0,1259.0,1353,5,1353,6,5,1979,2,red,1,bad,bad,2,1,8,0,0,1999,192350
1483,2.0,420.0,848.0,848,3,848,6,5,2004,1,red,1,good,good,1,1,1,0,0,2004,149000
1449,2.0,440.0,864.0,1558,5,1558,5,6,1975,2,red,0,NA,bad,2,1,8,0,0,2001,163000
720,0.0,0.0,624.0,816,5,816,4,3,1910,1,red,1,good,bad,2,1,6,0,0,1950,58500
2857,3.0,642.0,756.0,961,7,1717,7,5,1915,1,red,1,good,good,3,1,2,0,756,1970,140000
2628,1.0,300.0,1150.0,1150,6,1150,5,6,1959,1,blue,0,NA,bad,3,1,5,0,0,1959,141000
2066,2.0,576.0,816.0,1416,7,1416,5,7,1918,2,red,0,NA,good,3,1,8,0,0,2007,112000
1878,1.0,352.0,1728.0,1728,10,1728,5,4,1964,2,red,0,NA,bad,6,2,11,0,0,1964,119000
949,2.0,560.0,804.0,804,7,1961,6,5,2001,2,red,1,bad,good,3,1,6,1,1157,2002,215000
2203,1.0,216.0,912.0,912,7,1426,7,8,1918,1,red,1,good,good,3,1,6,1,514,1998,189950
1496,2.0,451.0,1132.0,1132,5,1132,4,5,2005,1,red,0,NA,good,2,1,6,1,0,2005,176000
2651,2.0,576.0,960.0,960,5,960,5,7,1955,1,blue,0,NA,bad,3,1,6,0,0,1955,135500
2699,2.0,576.0,1921.0,1921,8,1921,6,5,1964,2,red,0,NA,bad,4,2,7,0,0,1964,150000
2266,2.0,422.0,872.0,888,7,1756,6,5,1996,2,red,0,NA,bad,3,1,7,1,868,1997,204000
1912,2.0,525.0,1218.0,1254,6,1254,6,5,1961,1,red,1,good,bad,3,1,5,0,0,1961,158500
52,2.0,437.0,1145.0,1145,6,1145,7,5,2006,2,red,0,NA,good,2,1,1,0,0,2006,160000
1526,2.0,400.0,676.0,676,6,1264,6,6,1914,1,red,0,NA,bad,3,1,1,0,588,1995,147500
1828,2.0,518.0,1192.0,1516,9,2167,7,7,1974,2,red,2,good,good,3,1,7,1,651,2003,294000
2133,2.0,500.0,840.0,840,8,1668,7,5,2003,2,red,0,NA,good,3,1,9,1,828,2003,180000
20,2.0,546.0,1844.0,1844,7,1844,6,6,1977,2,red,1,bad,bad,3,1,1,0,0,1977,190000
1302,1.0,297.0,407.0,407,3,407,2,5,1946,1,blue,0,NA,bad,1,1,3,0,0,1950,46500
2919,0.0,0.0,546.0,546,5,1092,4,7,1970,1,red,0,NA,bad,3,1,6,1,546,1970,90500
953,2.0,497.0,1188.0,1217,6,1217,7,5,1990,2,red,0,NA,good,3,1,6,0,0,1991,173000
194,1.0,240.0,608.0,608,5,1132,6,7,1939,1,red,0,NA,bad,2,1,4,0,524,1950,134000
189,2.0,560.0,777.0,1246,11,2290,4,6,1885,2,red,0,NA,bad,4,2,4,0,1044,1950,122500
1671,2.0,528.0,864.0,864,5,864,4,6,1971,1,red,0,NA,bad,3,1,5,0,0,1971,120500
2162,2.0,626.0,1422.0,1422,7,1422,7,5,2004,2,red,0,NA,good,3,1,11,0,0,2004,179600
326,1.0,286.0,546.0,546,6,1092,4,5,1973,1,red,0,NA,bad,3,1,5,1,546,1973,83500
1579,2.0,438.0,1495.0,1495,8,1495,6,5,1989,2,red,1,bad,bad,3,1,7,0,0,1989,150000
638,1.0,294.0,1200.0,1200,6,1200,4,5,1956,1,red,2,good,bad,3,1,11,0,0,1956,144000
267,2.0,598.0,1649.0,1661,6,1661,7,5,1998,2,red,0,NA,good,3,1,5,0,0,1998,224900
1490,2.0,480.0,1127.0,1127,6,1127,6,6,1976,1,red,1,horrible,bad,3,1,5,1,0,1976,135000
2304,1.0,288.0,864.0,887,5,887,5,6,1984,1,red,0,NA,bad,3,1,12,0,0,1984,124500
2117,2.0,444.0,832.0,976,9,2087,6,8,1966,2,red,0,NA,good,5,1,7,1,1111,2007,187500
480,2.0,400.0,782.0,806,8,1489,7,5,2003,2,red,1,good,good,3,1,6,1,683,2003,192000
2643,1.0,270.0,813.0,813,5,813,6,8,1930,1,blue,0,NA,good,2,1,6,0,0,2005,110000
613,1.0,330.0,960.0,960,5,960,5,5,1955,1,red,0,NA,bad,2,1,2,0,0,1955,122000
1334,1.0,240.0,981.0,1014,6,1672,6,7,1940,1,red,1,good,good,3,1,7,1,658,1989,164900
2098,3.0,870.0,1643.0,1651,7,1651,8,5,2007,2,red,1,good,good,3,1,9,0,0,2007,250000
2479,2.0,462.0,836.0,844,7,1731,6,5,1992,2,red,0,NA,good,3,1,10,1,887,1993,248500
2014,1.0,280.0,672.0,899,7,1322,5,8,1939,1,red,0,NA,bad,4,1,7,0,423,1952,132000
1802,2.0,594.0,1574.0,1584,6,1584,8,5,2007,2,red,1,good,amazing,2,1,5,0,0,2007,261329
583,2.0,784.0,752.0,1285,7,2067,7,6,1974,2,red,2,bad,good,3,1,6,1,782,1974,206000
2886,2.0,616.0,1664.0,1664,10,1664,6,5,1978,2,red,0,NA,bad,4,2,10,0,0,1978,145000
984,2.0,698.0,828.0,883,5,883,5,6,1992,1,red,1,okay,bad,2,1,6,0,0,1993,149000
48,2.0,576.0,1752.0,1752,6,1752,9,5,2005,2,red,1,good,amazing,2,1,2,0,0,2005,319900
1189,2.0,578.0,1620.0,1620,8,1620,7,7,1967,2,red,1,good,good,4,1,8,0,0,1967,215000
2589,1.0,270.0,884.0,884,4,884,5,6,1951,1,red,0,NA,bad,2,1,6,0,0,1991,142000
1743,3.0,630.0,1406.0,1589,7,1589,8,5,2003,2,red,1,bad,good,2,1,11,0,0,2003,226500
2523,2.0,501.0,1153.0,1193,6,1193,5,6,1972,2,red,0,NA,bad,2,1,7,0,0,1972,146500
2290,1.0,286.0,546.0,546,6,1092,4,3,1976,1,red,0,NA,bad,3,1,4,1,546,1976,75190
717,1.0,357.0,917.0,1090,8,2007,6,7,1900,2,blue,0,NA,amazing,3,1,6,0,917,1950,160000
1215,1.0,312.0,1053.0,1053,5,1053,5,7,1959,1,red,0,NA,good,3,1,8,1,0,2006,145500
1695,3.0,932.0,2552.0,2552,8,2552,9,5,2007,2,red,2,amazing,amazing,3,1,10,0,0,2007,479069
226,2.0,480.0,720.0,720,7,1440,5,5,1968,1,red,2,bad,bad,4,1,3,1,720,1968,163000
1929,1.0,336.0,1216.0,1216,5,1216,5,5,1955,1,red,0,NA,bad,3,1,8,0,0,1955,129500
542,3.0,788.0,1450.0,1450,6,1450,7,5,2008,2,red,0,NA,good,2,1,2,0,0,2009,224243
2312,2.0,423.0,781.0,781,7,1671,6,5,1995,2,red,1,bad,bad,3,1,2,1,890,1995,170000
2389,3.0,878.0,1030.0,1038,8,2098,8,5,2005,2,red,1,good,amazing,3,1,3,1,1060,2005,275500
1655,2.0,462.0,780.0,780,7,1620,5,5,1969,2,red,0,NA,bad,4,1,4,1,840,1969,152000
1487,1.0,264.0,1092.0,1092,6,1092,5,5,1966,1,red,0,NA,bad,3,1,4,0,0,1966,123000
2525,2.0,508.0,1568.0,2156,9,2156,7,7,1968,2,red,1,good,bad,3,1,6,0,0,2003,262500
842,2.0,546.0,866.0,866,6,1779,7,5,1998,2,red,0,NA,good,3,1,3,1,913,1998,197900
707,2.0,288.0,861.0,861,5,861,4,6,1920,1,red,0,NA,bad,2,1,11,0,0,1950,80000
1849,2.0,576.0,975.0,975,7,1950,7,5,1997,2,red,1,bad,good,3,1,6,1,975,1998,239000
1095,2.0,403.0,707.0,707,6,1414,7,5,2002,2,red,1,good,good,3,1,4,1,707,2002,176000
1420,2.0,534.0,1602.0,1626,7,1626,7,5,1994,2,red,1,bad,good,3,1,4,1,0,1994,226500
1963,1.0,286.0,1040.0,1040,6,1040,5,7,1959,1,red,0,NA,good,3,1,7,0,0,2003,152000
579,2.0,441.0,727.0,829,8,1556,6,6,1968,1,red,0,NA,bad,4,1,5,1,727,1968,154000
1393,1.0,300.0,533.0,1021,6,1601,5,6,1958,1,red,0,NA,bad,3,1,12,0,580,1987,140000
2733,1.0,215.0,799.0,799,6,1150,5,5,1942,1,blue,2,bad,bad,3,1,3,0,351,1950,128000
591,2.0,583.0,1650.0,1680,7,1680,7,5,1998,2,red,1,bad,good,3,1,6,0,0,1999,213250
2178,2.0,450.0,1090.0,1090,5,1090,5,5,2005,1,red,0,NA,bad,2,1,6,1,0,2006,157000
2631,1.0,300.0,925.0,999,6,999,5,5,1962,1,red,0,NA,bad,3,1,5,0,0,1962,134500
289,2.0,399.0,856.0,856,4,856,6,6,1939,1,red,1,good,bad,2,1,3,0,0,1950,126000
2207,2.0,552.0,661.0,661,8,1250,5,6,1910,2,red,1,good,bad,3,1,11,0,589,2003,139000
40,2.0,532.0,1541.0,1541,7,1541,7,5,2005,2,red,1,good,good,3,1,5,0,0,2005,220000
1275,2.0,528.0,832.0,832,4,832,6,6,1954,1,red,0,NA,good,2,1,6,0,0,1954,105500
2149,2.0,542.0,860.0,860,7,1729,7,5,2002,2,red,0,NA,good,3,1,8,1,869,2002,200000
2316,2.0,576.0,1392.0,1392,9,2462,7,5,2005,2,red,1,good,good,4,1,3,1,1070,2006,320000
768,2.0,480.0,520.0,1464,6,1464,5,6,1963,2,red,1,bad,bad,3,1,10,0,0,1999,175000
1075,2.0,550.0,1342.0,1342,6,1342,8,5,2006,2,red,1,good,good,2,1,6,0,0,2007,234250
1895,2.0,510.0,1592.0,1652,6,1652,6,7,1959,1,red,1,good,good,3,1,7,1,0,1991,200000
2572,2.0,540.0,1106.0,1190,6,1190,5,6,1962,1,red,0,NA,bad,3,1,5,0,0,1962,132500
206,0.0,0.0,0.0,372,7,1092,4,5,1930,2,red,0,NA,okay,3,2,7,0,720,1950,55000
97,2.0,480.0,600.0,600,4,1200,7,5,2004,2,red,0,NA,good,2,1,2,1,600,2005,149500
2843,1.0,216.0,498.0,498,3,498,2,3,1922,1,green,0,NA,bad,1,1,2,0,0,1955,35000
2869,1.0,342.0,1168.0,1278,9,2315,5,7,1950,2,red,3,good,bad,4,1,7,0,1037,1963,257000
2541,1.0,368.0,1050.0,1050,6,1050,5,6,1961,1,red,0,NA,bad,3,1,1,0,0,1961,136500
2769,2.0,462.0,1100.0,1100,5,1100,5,6,1996,1,red,0,NA,bad,3,1,6,1,0,1996,145000
805,2.0,466.0,1128.0,1142,8,2020,8,5,1995,2,red,1,bad,good,3,1,6,1,878,1995,239500
751,1.0,216.0,672.0,1272,8,1944,7,8,1915,2,red,0,NA,bad,3,1,6,0,672,1994,179900
1008,2.0,472.0,1228.0,1228,5,1228,8,5,1988,2,red,1,good,good,2,1,10,0,0,1989,189000
2032,2.0,658.0,741.0,1497,9,2294,6,6,1963,3,red,1,good,bad,5,1,4,0,797,1963,202500
2220,2.0,416.0,1477.0,1839,7,1839,6,7,1957,2,red,2,bad,good,3,1,6,0,0,2004,257500
561,1.0,360.0,864.0,864,5,864,5,5,1965,1,red,1,horrible,bad,3,1,12,0,0,1965,62383
320,2.0,431.0,967.0,993,9,1908,8,5,2002,2,red,0,NA,good,4,1,4,1,915,2002,202900
1416,0.0,0.0,572.0,572,5,1096,6,5,1924,1,green,0,NA,bad,2,1,4,0,524,1950,79000
2800,2.0,583.0,1108.0,1108,8,2097,7,6,1998,2,red,1,bad,good,3,1,6,1,989,1998,274300
1065,3.0,871.0,998.0,1006,8,2046,7,5,2003,2,red,1,good,good,3,1,8,1,1040,2004,284000
2893,2.0,518.0,1632.0,1650,6,1650,6,5,1958,1,red,2,good,bad,2,1,3,0,0,1958,250764
1435,2.0,600.0,864.0,872,6,1771,6,5,1997,2,red,0,NA,good,3,1,7,1,899,1997,215700
1117,3.0,851.0,1341.0,1341,7,1861,8,5,2007,3,red,1,good,good,3,1,7,0,520,2007,257000
1887,2.0,440.0,864.0,1187,6,1187,5,5,1961,1,red,1,bad,bad,2,1,8,0,0,1961,140500
940,2.0,576.0,760.0,928,11,2168,5,6,1900,2,red,0,NA,good,5,1,12,0,928,1993,123000
133,1.0,244.0,1268.0,1268,7,1268,5,6,1954,1,red,1,good,bad,2,1,3,0,0,1954,132000
507,3.0,972.0,1696.0,1696,7,1696,8,5,2008,2,red,0,NA,good,3,1,9,0,0,2008,275000
1732,3.0,350.0,698.0,698,6,1746,6,5,2006,2,red,1,good,good,3,1,6,1,1048,2007,198444
2276,3.0,642.0,1094.0,1133,9,2482,8,5,2005,2,red,1,good,good,4,1,2,1,1349,2006,281213
2263,3.0,870.0,1638.0,1646,6,1646,8,5,2006,2,red,1,good,good,3,1,11,0,0,2007,248900
606,2.0,610.0,1313.0,1313,6,1313,5,6,1961,1,red,1,bad,good,3,1,2,1,0,1995,153000
1846,2.0,440.0,756.0,769,5,1525,6,5,2000,2,red,1,bad,good,3,1,6,1,756,2000,177000
2662,1.0,225.0,815.0,815,7,1690,7,6,1916,1,red,1,good,bad,3,1,7,0,875,1950,144000
1883,1.0,264.0,588.0,1138,6,1138,6,8,1958,1,red,0,NA,bad,3,1,6,0,0,1958,145000
1233,2.0,480.0,1104.0,1104,9,1988,6,7,1966,2,red,1,good,good,4,1,8,1,884,1999,227000
572,2.0,506.0,691.0,713,6,1452,7,5,1999,2,red,0,NA,good,3,1,9,1,739,1999,156000
2739,2.0,569.0,0.0,1488,7,1488,5,6,1952,1,red,1,amazing,bad,3,1,4,0,0,2002,135000
964,2.0,578.0,1645.0,1479,7,1479,7,5,1987,2,red,1,okay,good,3,1,7,1,0,1989,213500
2469,2.0,572.0,1293.0,1301,5,1301,7,5,2006,2,red,1,good,good,2,1,8,0,0,2006,187750
1993,2.0,560.0,662.0,1422,10,2337,5,5,1900,2,red,0,NA,bad,5,2,9,0,915,1950,90000
950,1.0,351.0,902.0,926,5,926,6,6,1977,1,red,1,bad,bad,2,1,4,0,0,1977,156450
2856,1.0,240.0,824.0,824,6,1288,5,4,1941,1,red,0,NA,bad,4,1,11,0,464,1950,112000
899,0.0,0.0,1678.0,1678,10,1678,5,5,1959,2,red,0,NA,bad,6,2,8,0,0,1959,119900
1917,1.0,308.0,1008.0,1008,6,1008,5,6,1956,1,red,0,NA,okay,3,1,12,0,0,1956,131000
968,3.0,920.0,1978.0,1978,7,1978,9,5,2007,2,red,1,good,amazing,2,1,5,0,0,2007,425000
659,1.0,264.0,1054.0,1078,6,1078,5,7,1925,1,red,0,NA,amazing,3,1,12,0,0,1950,125000
2682,2.0,440.0,1103.0,1103,5,1103,6,6,1925,1,red,1,good,good,2,1,7,0,0,1980,110500
838,2.0,550.0,799.0,827,6,1661,7,6,1996,2,red,1,bad,good,3,1,4,1,834,1996,212000
11,2.0,420.0,1168.0,1187,6,1187,6,7,1992,2,red,0,NA,bad,3,1,3,0,0,2007,185000
2198,1.0,352.0,1290.0,1422,6,1422,5,5,1926,1,red,0,NA,bad,3,1,4,0,0,1950,136500
1515,0.0,0.0,780.0,936,9,1716,5,6,1912,2,red,0,NA,okay,6,1,3,0,780,2000,135900
1238,1.0,480.0,1248.0,1440,7,1440,5,7,1959,2,red,0,NA,good,2,1,6,0,0,1998,185000
1258,4.0,1488.0,892.0,1254,7,1436,5,5,1922,1,red,1,good,bad,3,1,6,0,182,1950,139000
309,3.0,741.0,1049.0,1036,8,1916,8,5,1998,2,red,1,bad,good,3,1,5,1,880,1999,254900
1399,2.0,505.0,1160.0,1156,8,2022,7,5,1977,2,red,1,bad,bad,4,1,3,1,866,1977,192000
446,2.0,644.0,1502.0,1502,7,1502,7,5,2009,2,red,0,NA,good,3,1,9,0,0,2009,233170
2908,1.0,336.0,264.0,616,5,1304,5,6,1977,1,red,1,bad,bad,3,1,5,1,688,1977,104500
1402,2.0,529.0,1364.0,1663,6,1663,4,6,1954,1,red,2,good,good,2,1,3,0,0,1994,256000
157,1.0,330.0,912.0,912,6,1458,6,5,1948,1,red,1,good,bad,3,1,1,0,546,1950,97500
1322,2.0,342.0,1313.0,1313,10,2495,7,7,1890,2,red,1,good,bad,5,1,12,0,1182,1999,184000
2146,2.0,583.0,1673.0,1673,7,1673,7,5,2000,2,red,1,bad,good,3,1,1,0,0,2000,270000
232,2.0,586.0,1332.0,1332,4,1524,7,6,1979,0,red,1,bad,good,0,1,4,1,192,1979,260000
509,3.0,840.0,1573.0,1578,7,1578,8,5,2008,2,red,1,good,amazing,3,1,5,0,0,2009,287090
2667,0.0,0.0,624.0,624,8,1248,5,7,1920,2,blue,0,NA,bad,2,2,12,0,624,1950,93500
1380,1.0,294.0,992.0,992,6,992,5,7,1967,1,red,0,NA,good,3,1,7,0,0,2005,145000
1979,1.0,273.0,641.0,1047,6,1047,4,7,1885,1,red,0,NA,bad,2,1,8,0,0,1995,100000
18,2.0,400.0,864.0,864,4,864,4,5,1951,1,red,0,NA,bad,2,1,6,0,0,1951,141000
2776,2.0,515.0,842.0,856,7,1749,7,5,1999,2,red,0,NA,good,3,1,6,1,893,1999,196000
2703,1.0,180.0,830.0,879,4,879,5,3,1936,1,red,0,NA,bad,2,1,1,0,0,1950,80000
200,1.0,288.0,1124.0,1068,5,1068,6,5,1923,1,red,1,good,bad,2,1,3,0,0,1950,109500
396,1.0,336.0,1043.0,1050,6,1050,5,7,1971,1,red,0,NA,bad,3,1,7,1,0,1971,143000
1891,2.0,440.0,1042.0,1042,5,1042,6,5,1965,2,red,0,NA,bad,3,1,5,0,0,1965,161000
2564,1.0,240.0,936.0,936,5,936,5,6,1954,1,blue,0,NA,bad,2,1,3,0,0,1975,121000
1915,2.0,596.0,1021.0,1465,7,2380,6,5,1965,2,red,1,horrible,bad,3,1,8,1,915,1979,129000
650,2.0,420.0,978.0,1014,7,1699,3,5,1900,2,red,0,NA,bad,3,2,8,0,685,1970,95000
1324,1.0,352.0,1050.0,1050,7,1795,5,5,1954,2,green,0,NA,bad,4,1,11,0,745,1954,131500
1323,1.0,308.0,984.0,984,5,984,5,6,1959,1,red,0,NA,okay,2,1,6,0,0,1959,110000
919,2.0,440.0,840.0,840,6,1567,5,6,1940,1,red,2,bad,bad,2,1,2,1,727,1950,205000
2588,1.0,300.0,1056.0,1056,6,1056,5,6,1955,1,red,0,NA,bad,3,1,11,1,0,1955,125000
47,3.0,756.0,1671.0,1687,7,2250,8,5,2002,2,red,1,amazing,good,3,1,6,1,563,2002,320000
1471,3.0,721.0,1838.0,1838,8,1838,6,5,1997,2,red,0,NA,bad,2,2,7,0,0,1998,185000
1206,1.0,283.0,952.0,952,4,952,4,7,1956,1,blue,0,NA,bad,2,1,4,0,0,1956,135750
2850,1.0,180.0,747.0,892,9,1784,5,5,1914,1,green,0,NA,bad,4,1,7,1,892,1950,138887
1583,2.0,467.0,1432.0,1440,7,1440,8,5,2003,2,red,1,bad,good,3,1,6,0,0,2003,232500
918,1.0,282.0,1276.0,1276,9,2080,7,9,1926,1,red,2,good,good,3,1,6,1,804,2004,234000
1531,1.0,270.0,776.0,851,6,1502,7,6,1931,1,red,1,good,bad,3,1,2,1,651,2000,149000
2078,2.0,576.0,1202.0,2158,7,2158,6,7,1950,2,red,1,good,good,4,1,6,0,0,2001,243000
175,1.0,220.0,747.0,747,4,747,4,6,1945,1,red,0,NA,bad,2,1,6,0,0,1950,80000
2159,2.0,531.0,1337.0,1337,6,1337,7,5,2003,2,red,0,NA,good,3,1,10,0,0,2003,185000
1850,2.0,625.0,1339.0,1358,5,1358,7,5,1999,2,red,0,NA,good,3,1,12,0,0,2000,204000
1568,2.0,484.0,0.0,936,8,1872,5,4,1976,2,red,0,NA,bad,4,2,11,2,936,1976,100000
2070,2.0,460.0,0.0,998,5,998,4,7,1945,1,blue,0,NA,bad,3,1,5,0,0,1950,89500
910,1.0,180.0,583.0,647,6,1242,6,6,1935,1,green,1,good,bad,3,1,3,1,595,1950,105000
661,2.0,624.0,560.0,930,5,1690,7,9,1910,2,red,0,NA,good,4,1,8,0,760,2008,156500
2072,2.0,552.0,1190.0,1522,7,1522,6,5,1984,2,red,1,bad,bad,3,1,2,0,0,1984,182000
2416,2.0,429.0,728.0,728,8,1456,6,5,2006,2,red,0,NA,bad,3,1,5,1,728,2006,172785
1025,2.0,489.0,738.0,1277,7,2044,7,6,1980,2,red,1,bad,bad,3,1,3,1,767,1988,185000
2164,2.0,437.0,1330.0,1330,6,1330,6,5,2006,2,red,1,good,good,3,1,7,0,0,2007,167840
417,1.0,345.0,836.0,836,5,836,7,6,1976,1,red,0,NA,bad,2,1,10,0,0,1976,128500
2025,1.0,384.0,698.0,698,7,1396,6,7,1915,1,blue,0,NA,bad,3,1,7,0,698,2003,153575
257,2.0,513.0,878.0,892,8,1692,7,5,1997,2,red,1,bad,bad,3,1,4,1,800,1998,191000
2671,1.0,312.0,972.0,972,6,1577,6,5,1939,1,red,1,good,okay,3,1,10,0,605,1950,140200
2264,2.0,528.0,1265.0,1240,6,1240,7,7,1985,2,red,0,NA,good,3,1,7,0,0,1985,174000
688,2.0,564.0,941.0,941,4,941,5,7,1978,1,red,0,NA,good,2,1,11,0,0,1978,145000
303,1.0,625.0,629.0,727,5,1107,6,5,1921,1,red,0,NA,bad,2,1,4,0,380,1975,110000
128,2.0,470.0,782.0,1019,6,1556,6,6,1949,2,red,1,good,bad,3,1,1,0,537,1950,172500
1271,1.0,299.0,1027.0,1027,6,1027,5,5,1962,1,red,0,NA,bad,3,1,11,0,0,1962,125900
1288,2.0,520.0,1510.0,1584,8,2792,6,7,1920,2,red,2,bad,bad,5,1,6,0,1208,1950,256000
859,2.0,600.0,894.0,894,6,894,5,5,1972,1,red,0,NA,bad,2,1,9,0,0,1972,123000
1782,3.0,895.0,1795.0,1795,7,1795,8,5,2006,2,red,1,good,good,2,1,2,0,0,2007,147000
390,2.0,478.0,1064.0,1350,7,1350,6,5,1974,2,red,1,bad,bad,3,1,8,0,0,1974,165000
655,1.0,180.0,660.0,808,8,1656,5,7,1916,2,red,0,NA,bad,3,1,8,1,704,1987,135000
2212,2.0,400.0,0.0,1226,7,1226,5,5,1951,1,red,1,good,bad,2,1,6,1,0,1951,153500
818,3.0,1138.0,1555.0,1680,8,1680,9,5,2009,1,red,1,good,amazing,1,1,7,1,0,2009,323262
2687,2.0,576.0,960.0,960,6,960,4,5,1970,1,red,0,NA,bad,3,1,5,0,0,1970,129000
370,2.0,484.0,845.0,1153,10,2353,7,7,1980,2,red,1,bad,amazing,4,1,8,1,1200,1980,260000
1803,3.0,658.0,1685.0,1685,5,1685,8,5,2006,2,red,1,good,good,2,1,4,0,0,2006,253000
2250,3.0,650.0,1441.0,1392,6,1392,5,5,2002,2,red,1,good,good,3,1,12,0,0,2002,215000
2860,1.0,410.0,901.0,1125,7,1717,5,6,1940,1,red,1,good,bad,2,1,2,1,592,1950,194000
2029,1.0,216.0,969.0,969,6,1214,5,3,1901,1,blue,0,NA,bad,2,1,9,0,245,1950,117000
1173,2.0,462.0,672.0,684,5,1404,7,5,1999,2,red,0,NA,good,3,1,6,1,720,2000,170000
2716,2.0,616.0,960.0,1040,6,1040,6,6,1978,1,red,1,okay,bad,3,1,7,0,0,1978,160500
2160,2.0,552.0,738.0,738,7,1476,7,5,2007,2,red,0,NA,good,3,1,6,1,738,2007,179400
462,2.0,478.0,1405.0,1405,6,1405,7,5,2003,2,red,1,bad,good,2,1,11,0,0,2003,173000
1027,4.0,1314.0,1420.0,1420,8,2840,7,7,1978,2,red,2,good,good,4,1,12,1,1420,1978,292500
1610,1.0,288.0,686.0,1150,7,1836,5,1,1900,2,red,0,NA,bad,4,1,1,0,686,1950,103000
2918,0.0,0.0,546.0,546,5,1092,4,5,1970,1,red,0,NA,bad,3,1,6,1,546,1970,79500
1045,1.0,264.0,630.0,630,6,1302,5,5,1972,2,red,0,NA,bad,3,1,12,1,672,1972,111750
2620,0.0,0.0,720.0,720,6,1192,4,4,1949,1,blue,0,NA,bad,4,1,12,1,472,1950,135000
87,1.0,308.0,1040.0,1040,5,1040,5,5,1963,1,red,0,NA,bad,3,1,6,1,0,1963,133000
2575,1.0,292.0,1383.0,1383,7,1383,6,5,1960,1,red,0,NA,bad,3,1,4,1,0,1960,145250
1253,2.0,484.0,1824.0,1824,9,1824,5,5,1957,2,blue,0,NA,bad,5,2,1,0,0,1957,146000
1665,2.0,576.0,925.0,1422,7,1422,5,6,1970,1,red,0,NA,bad,3,1,9,0,0,1990,155000
1033,2.0,480.0,896.0,896,8,1792,5,5,1974,2,red,0,NA,bad,4,2,6,2,896,1974,133000
1477,2.0,484.0,1234.0,1234,7,1234,8,5,2007,2,red,0,NA,good,3,1,1,0,0,2007,179900
1763,3.0,804.0,2633.0,2633,8,2633,10,5,2001,2,red,2,good,amazing,2,1,3,1,0,2002,466500
889,1.0,544.0,1014.0,1149,7,1149,4,6,1960,1,red,0,NA,bad,3,1,7,0,0,1971,127000
448,3.0,886.0,2452.0,2452,10,2452,9,5,2003,2,red,1,good,amazing,3,1,7,0,0,2003,445000
161,1.0,280.0,816.0,816,5,1224,6,8,1948,1,red,0,NA,bad,3,1,5,0,408,2004,132000
1741,3.0,648.0,1258.0,1258,6,1258,7,5,2006,2,red,1,good,good,2,1,6,0,0,2007,172500
252,2.0,615.0,1222.0,1222,6,1222,7,5,2010,2,red,0,NA,good,2,1,3,0,0,2010,187000
2544,1.0,299.0,1187.0,1565,7,1565,6,7,1965,2,red,2,bad,good,3,1,6,0,0,2000,185900
995,2.0,472.0,943.0,943,7,1638,6,5,1998,2,red,2,bad,bad,3,1,7,1,695,1998,192000
1720,2.0,627.0,1554.0,1554,6,1554,8,5,2006,2,red,1,good,good,2,1,5,0,0,2006,209500
2232,2.0,720.0,720.0,720,6,1215,6,7,1940,1,blue,0,NA,good,3,1,5,0,495,1950,141000
173,2.0,551.0,1347.0,1347,6,1347,5,7,1957,1,red,0,NA,good,3,1,6,0,0,1957,143000
1308,3.0,720.0,876.0,876,7,1416,5,8,1915,1,red,1,good,bad,4,1,6,1,540,1950,153900
1434,2.0,558.0,1418.0,1418,5,1418,7,5,1997,2,red,1,bad,good,3,1,5,0,0,1998,226001
835,2.0,576.0,1040.0,1040,6,1040,5,5,1996,1,red,0,NA,good,3,1,11,0,0,1996,152000
2509,2.0,480.0,600.0,520,4,1200,7,5,2005,2,red,0,NA,good,2,1,4,1,600,2005,144152
669,4.0,968.0,1248.0,1338,12,2634,5,5,1969,2,red,0,NA,bad,6,2,8,2,1296,1969,200000
2487,2.0,528.0,0.0,1286,10,1654,6,6,1977,2,red,0,NA,bad,4,2,8,0,368,1977,119500
2714,2.0,512.0,1176.0,1458,7,1458,5,5,1967,1,red,1,bad,bad,3,1,7,1,0,1967,165000
2530,2.0,528.0,1164.0,1164,6,1164,7,5,1969,1,red,0,NA,bad,3,1,7,1,0,1969,140000
2439,2.0,472.0,959.0,959,7,1671,6,5,2000,2,red,1,bad,bad,3,1,2,1,712,2000,173000
158,2.0,576.0,1056.0,1056,4,1056,6,5,1980,0,red,0,NA,bad,0,2,6,0,0,1980,144000
139,2.0,620.0,1480.0,1480,7,1480,7,5,2003,2,red,0,NA,good,3,1,2,0,0,2009,214000
578,2.0,490.0,1281.0,1620,8,1620,4,4,1976,2,red,1,bad,bad,3,1,6,0,0,1993,150000
1154,1.0,288.0,912.0,912,5,912,6,8,1961,1,red,0,NA,good,3,1,5,0,0,1996,142000
1114,2.0,592.0,1498.0,1506,6,1506,9,5,2008,2,red,1,good,amazing,2,1,8,0,0,2008,264132
1601,2.0,520.0,988.0,988,4,988,5,5,1954,1,blue,0,NA,bad,2,1,2,0,0,1954,113000
1552,1.0,356.0,1151.0,1151,7,1955,5,5,1958,2,blue,0,NA,bad,4,1,1,0,804,1958,165500
346,2.0,390.0,384.0,958,7,1628,7,5,1996,2,red,1,bad,bad,3,1,6,1,670,1997,189000
802,3.0,701.0,2158.0,2196,7,2196,7,7,1990,2,red,1,bad,good,3,1,6,0,0,1991,271900
1015,2.0,738.0,1488.0,1488,6,1488,6,5,1950,2,red,1,bad,bad,3,1,7,1,0,1950,133000
1954,1.0,288.0,952.0,952,5,952,6,6,1968,1,red,0,NA,bad,3,1,8,0,0,1968,128500
445,2.0,583.0,1760.0,1760,8,1760,7,5,2003,2,red,1,good,good,3,1,6,0,0,2004,269500
799,2.0,462.0,1054.0,1061,4,1061,7,6,1990,1,red,0,NA,good,1,1,7,1,0,1991,162000
1310,3.0,513.0,624.0,624,7,1344,5,5,1916,1,red,0,NA,bad,4,1,5,0,720,1950,98000
539,2.0,576.0,1114.0,1114,6,1114,7,5,2004,1,red,0,NA,good,3,1,5,1,0,2005,159000
2022,2.0,520.0,764.0,1060,8,1824,6,6,1919,1,blue,1,good,bad,3,1,7,0,764,1950,180500
930,1.0,300.0,1092.0,1152,6,1152,6,8,1950,1,red,1,good,good,3,1,8,0,0,2004,158500
43,2.0,532.0,1517.0,1535,7,1535,7,5,2004,2,red,0,NA,good,3,1,3,0,0,2004,214000
1311,1.0,308.0,346.0,709,5,1017,5,7,1900,1,red,0,NA,bad,2,1,5,0,308,2003,114000
2362,2.0,576.0,864.0,874,5,874,4,4,1971,1,red,0,NA,bad,3,1,3,0,0,1971,97500
80,2.0,480.0,1040.0,1097,6,1097,6,5,1984,2,red,0,NA,bad,3,1,5,0,0,1985,152000
1280,2.0,483.0,780.0,983,8,1796,6,5,1963,1,red,1,bad,bad,4,1,10,1,813,1963,140000
273,1.0,240.0,0.0,640,5,640,3,6,1945,1,red,0,NA,bad,2,1,4,0,0,2007,84900
2606,2.0,440.0,1088.0,1324,6,1324,6,5,1965,2,red,1,bad,bad,3,1,12,0,0,1965,160000
1339,1.0,160.0,992.0,1013,6,1013,6,7,1926,1,red,0,NA,bad,3,1,4,0,0,1950,113000
479,2.0,434.0,846.0,846,7,1594,7,5,2004,2,red,1,good,good,3,1,7,1,748,2004,195500
536,2.0,478.0,835.0,871,8,1812,7,5,2004,2,red,0,NA,good,3,1,1,1,941,2004,193000
2675,2.0,528.0,816.0,816,6,1176,6,6,1934,1,red,1,good,bad,3,1,9,0,0,1950,114500
1348,2.0,502.0,611.0,751,6,1362,6,8,1920,2,red,0,NA,bad,3,1,6,0,611,1999,128000
2766,2.0,576.0,1533.0,1533,5,1533,7,5,1975,2,red,2,bad,good,2,1,12,0,0,1975,280000
270,2.0,502.0,1657.0,1668,8,1668,8,5,2003,2,red,1,bad,good,3,1,5,0,0,2003,232000
236,1.0,467.0,663.0,1074,6,1074,6,7,1950,1,red,1,bad,good,3,1,6,0,0,1987,144500
2493,1.0,308.0,1024.0,1024,5,1024,5,6,1965,1,red,0,NA,bad,3,1,1,1,0,1965,120875
1715,2.0,460.0,1362.0,1362,6,1362,6,5,2005,2,red,1,good,good,2,1,6,0,0,2006,194700
1349,1.0,240.0,520.0,520,4,520,4,6,1927,1,red,0,NA,okay,1,1,5,0,0,1950,68500
290,0.0,0.0,0.0,862,10,2650,4,6,1967,3,red,0,NA,bad,6,2,2,0,1788,1967,160000
1107,3.0,783.0,1080.0,1108,9,2197,7,5,1993,2,red,1,good,good,4,1,7,1,1089,1994,287500
740,2.0,576.0,927.0,1067,5,1539,5,6,1936,1,red,0,NA,bad,3,1,4,1,472,1950,141500
2917,1.0,286.0,546.0,546,5,1092,4,5,1970,1,red,0,NA,bad,3,1,12,1,546,1970,87550
516,2.0,676.0,1218.0,1218,4,1218,6,5,2009,2,red,0,NA,good,2,1,9,0,0,2009,208300
823,2.0,578.0,866.0,866,7,1768,8,5,2007,2,red,0,NA,good,3,1,4,1,902,2007,212000
1884,1.0,297.0,912.0,912,5,912,5,7,1958,1,red,0,NA,bad,2,1,6,0,0,1985,120000
2574,1.0,331.0,1179.0,1364,6,1364,5,5,1957,1,red,1,good,bad,3,1,3,1,0,1957,132000
828,3.0,810.0,1254.0,1254,5,1254,8,5,2008,2,red,0,NA,good,2,1,3,0,0,2008,221800
841,2.0,480.0,990.0,990,5,990,5,5,1994,1,red,0,NA,bad,3,1,5,0,0,1995,138000
282,1.0,220.0,735.0,798,7,1487,6,4,1945,1,blue,1,good,bad,3,1,4,1,689,1950,113000
1363,2.0,320.0,1040.0,1040,5,1040,6,7,1925,1,red,0,NA,bad,2,1,7,0,0,1992,127500
253,3.0,594.0,1673.0,1699,11,3222,7,5,1990,3,red,2,bad,good,5,1,5,0,1523,1990,320000
2747,2.0,506.0,868.0,1313,9,2559,6,4,1989,2,red,1,bad,amazing,4,1,11,1,1246,1989,209000
1649,2.0,534.0,808.0,1161,8,1969,7,6,1977,2,red,1,good,bad,3,1,11,1,808,1977,190000
1789,2.0,672.0,1494.0,1506,7,1506,7,5,2005,2,red,1,good,good,3,1,4,0,0,2006,249000
1060,3.0,1003.0,1414.0,1414,9,2331,9,5,2005,2,red,1,good,amazing,3,1,8,1,917,2005,379000
31,1.0,264.0,525.0,525,6,1092,6,5,1971,1,red,0,NA,bad,3,1,3,1,567,1971,88000
2745,1.0,280.0,810.0,1002,7,1456,5,3,1948,1,blue,1,bad,bad,4,1,8,0,454,1950,91500
2024,2.0,576.0,750.0,960,7,1316,5,5,1926,1,red,0,NA,bad,4,1,10,0,356,1950,90000
2888,2.0,504.0,975.0,1004,4,1004,6,5,1977,1,red,0,NA,bad,2,1,5,0,0,1977,135000
1540,2.0,484.0,1898.0,1898,7,1898,5,5,1956,2,blue,2,bad,bad,3,1,4,1,0,1956,236500
1768,2.0,455.0,1117.0,1127,8,2013,7,5,1996,2,red,1,bad,bad,3,1,6,1,886,1997,269790
855,2.0,484.0,1040.0,1040,5,1040,5,7,1977,2,red,0,NA,good,3,1,9,0,0,2008,150500
2246,2.0,538.0,1573.0,1625,5,1625,8,5,2006,2,red,1,good,good,2,1,12,0,0,2007,235000
1227,1.0,312.0,1036.0,1036,5,1036,5,5,1953,1,red,0,NA,bad,3,1,6,0,0,1953,112900
1532,1.0,240.0,715.0,849,6,1660,6,7,1934,1,blue,1,good,bad,3,1,8,1,811,1995,188700
2274,3.0,712.0,1732.0,1776,7,1776,8,5,2006,2,red,1,good,good,3,1,5,0,0,2007,283463
1987,0.0,0.0,686.0,866,4,866,5,9,1945,1,red,0,NA,good,2,1,8,0,0,1997,110500
2338,2.0,572.0,1056.0,1056,5,1056,5,5,1955,1,red,0,NA,bad,3,1,1,0,0,1955,145000
313,2.0,776.0,1958.0,2048,9,2048,6,5,1976,3,red,0,NA,bad,5,2,3,0,0,1976,170000
2611,1.0,288.0,912.0,912,5,912,5,5,1964,1,red,0,NA,bad,2,1,11,0,0,1964,115000
1632,2.0,577.0,1190.0,1190,6,2090,7,5,1984,2,red,1,bad,good,3,1,9,0,900,1984,207500
494,3.0,856.0,1252.0,1268,8,2365,8,5,1999,2,red,1,good,good,3,1,7,1,1097,1999,337000
831,2.0,440.0,704.0,704,7,1422,6,5,2005,2,red,1,good,good,3,1,7,1,718,2006,173000
1228,2.0,492.0,864.0,902,8,1820,7,6,1965,1,red,2,good,good,4,1,5,2,918,1988,201800
1616,2.0,373.0,806.0,806,7,1572,6,5,1995,2,red,1,bad,bad,3,1,5,1,766,1996,168000
1885,2.0,396.0,894.0,1074,6,1074,5,5,1956,1,red,1,good,good,2,1,1,0,0,1956,124000
1564,3.0,857.0,1568.0,1689,7,1689,8,5,2002,2,red,2,good,good,3,1,7,0,0,2002,271000
2654,1.0,378.0,770.0,885,5,1182,6,7,1945,1,red,0,NA,bad,3,1,5,1,297,1950,120000
1886,1.0,294.0,0.0,882,5,882,5,7,1959,1,red,0,NA,bad,3,1,7,0,0,1959,106500
1181,2.0,516.0,1232.0,1232,6,1232,6,6,1984,2,red,0,NA,bad,3,1,6,0,0,1984,162500
905,1.0,250.0,832.0,832,7,1268,5,4,1938,1,red,2,good,bad,3,1,7,1,436,1950,160000
1742,3.0,648.0,1258.0,1402,7,1402,7,5,2006,0,red,1,good,good,2,1,2,2,0,2007,194201
2462,2.0,776.0,1489.0,1489,7,1489,8,5,2006,2,red,1,good,good,3,1,6,0,0,2006,232600
2294,2.0,672.0,1160.0,1676,6,1676,5,6,1977,1,red,2,bad,good,3,1,5,1,0,1994,196000
2708,2.0,528.0,1064.0,1064,6,1064,5,6,1967,1,red,1,bad,bad,3,1,6,0,0,1967,153600
1446,2.0,528.0,864.0,1174,5,1174,5,6,1978,1,red,0,NA,bad,3,1,5,0,0,1978,158000
525,3.0,1043.0,1082.0,1082,9,1953,8,5,2005,2,red,1,good,good,3,1,5,1,871,2006,252000
2755,2.0,675.0,1498.0,1498,5,1498,7,5,2006,2,red,0,NA,good,2,1,4,0,0,2006,204900
397,2.0,576.0,864.0,864,5,864,4,6,1970,1,red,0,NA,bad,3,1,9,0,0,1970,76500
77,1.0,264.0,918.0,918,5,918,6,5,1979,2,red,1,bad,bad,2,1,4,0,0,1979,99500
265,2.0,613.0,941.0,941,7,1829,7,6,2003,2,red,1,bad,good,3,1,1,1,888,2003,237000
1753,2.0,463.0,924.0,948,7,1690,6,5,2000,2,red,1,bad,bad,3,1,11,1,742,2000,181000
243,1.0,308.0,0.0,930,6,930,4,7,1946,1,red,0,NA,good,2,1,4,0,0,2006,84900
728,2.0,528.0,1324.0,1072,6,1576,5,6,1923,1,red,1,bad,good,3,1,5,1,504,2004,223500
1707,3.0,916.0,1706.0,1718,11,2956,8,5,2004,2,red,1,amazing,amazing,5,1,8,1,1238,2004,342000
1600,0.0,0.0,630.0,630,3,630,4,7,1972,1,red,0,NA,bad,1,1,6,0,0,1972,81000
1074,3.0,944.0,1800.0,1800,6,1800,9,5,2007,2,red,1,good,amazing,2,1,6,0,0,2008,370967
2518,2.0,484.0,1235.0,1235,4,1235,8,5,1980,1,red,3,bad,bad,1,1,5,0,0,1980,214000
809,2.0,720.0,0.0,1114,8,2228,5,5,1979,2,red,0,NA,bad,6,2,6,0,1114,1979,147983
2211,2.0,264.0,851.0,867,8,1718,7,7,1927,2,red,1,bad,good,4,1,10,1,851,1992,238000
2688,1.0,255.0,485.0,1001,5,1635,6,8,1910,1,red,0,NA,good,2,1,6,0,634,2003,117000
385,2.0,588.0,1058.0,1058,7,1874,8,5,2000,2,red,1,bad,good,3,1,3,1,816,2001,220000
2379,3.0,831.0,1738.0,1738,11,2589,9,5,2006,2,red,1,good,amazing,4,1,8,1,851,2006,412083
2148,2.0,610.0,979.0,992,7,1932,7,5,2003,2,red,1,good,good,3,1,6,1,940,2003,213000
1051,3.0,846.0,1682.0,1742,9,2332,10,5,2007,2,red,1,amazing,amazing,3,1,8,1,590,2008,426000
2605,2.0,566.0,796.0,1096,7,1466,5,8,1936,2,red,1,bad,good,3,1,4,0,370,1989,170000
106,2.0,484.0,728.0,788,3,788,8,5,1980,1,red,1,bad,good,1,1,6,0,0,1980,155000
85,1.0,336.0,894.0,894,5,894,5,8,1965,1,red,1,good,bad,3,1,4,0,0,2009,138500
1054,3.0,905.0,1582.0,1582,7,1582,8,5,2007,2,red,0,NA,good,3,1,1,0,0,2007,317500
478,2.0,527.0,408.0,779,7,1419,8,5,2002,2,red,1,bad,good,3,1,3,1,640,2002,184100
1211,2.0,504.0,1092.0,1092,6,1092,6,7,1964,1,red,0,NA,bad,3,1,7,0,0,1964,145000
1158,2.0,636.0,1848.0,1827,10,2786,9,5,1993,2,red,1,amazing,good,4,1,6,1,959,1994,372500
2501,3.0,796.0,1338.0,1352,10,2520,8,7,1993,2,red,1,bad,good,5,1,11,1,1168,1993,310000
1866,2.0,528.0,1295.0,1295,6,1295,6,5,1968,1,red,0,NA,bad,3,1,4,1,0,1968,164000
2773,2.0,541.0,1525.0,1525,6,1525,7,5,2000,2,red,0,NA,good,3,1,9,0,0,2000,235000
1382,2.0,504.0,450.0,1034,6,1034,6,8,1978,1,red,1,horrible,bad,3,1,5,0,0,1978,153000
2237,1.0,100.0,816.0,816,5,816,5,7,1922,1,red,0,NA,bad,2,1,9,0,0,1950,75200
637,1.0,350.0,1382.0,1382,6,1382,5,5,1955,1,blue,0,NA,good,3,1,7,0,0,1955,153000
1282,1.0,264.0,1117.0,1117,6,1117,5,5,1963,1,red,0,NA,bad,3,1,5,0,0,1963,136870
633,1.0,297.0,988.0,988,6,988,6,8,1959,2,red,0,NA,good,3,1,6,0,0,1998,149500
2135,2.0,370.0,1015.0,1025,6,1025,5,5,1976,2,red,1,okay,bad,3,1,7,0,0,1976,153500
1480,2.0,410.0,728.0,728,7,1456,7,5,2005,2,red,1,good,good,3,1,10,1,728,2005,189000
349,2.0,564.0,2208.0,2522,8,2522,8,5,2004,2,red,1,good,good,1,1,11,0,0,2005,375000
2234,0.0,0.0,936.0,936,6,1601,5,7,1925,2,red,0,NA,bad,3,1,9,0,665,2003,129850
2724,2.0,576.0,1188.0,1437,6,1437,5,6,1956,1,red,1,bad,bad,3,1,11,1,0,1987,168000
314,2.0,572.0,747.0,1687,7,1687,5,5,1948,1,red,2,bad,bad,3,1,6,0,0,1950,160000
742,0.0,0.0,264.0,800,4,800,2,3,1936,1,blue,1,horrible,okay,1,1,1,0,0,1950,60000
187,2.0,923.0,912.0,1236,6,1236,6,7,1957,1,blue,0,NA,bad,2,1,4,0,0,1996,149700
2131,2.0,486.0,985.0,985,7,1842,7,5,2000,2,red,1,bad,good,3,1,7,1,857,2000,217500
1640,2.0,567.0,1419.0,1419,7,1419,8,6,2007,2,red,1,good,good,2,1,10,0,0,2007,392000
2899,3.0,765.0,1800.0,1800,7,1800,8,5,2002,2,red,1,good,good,3,1,5,0,0,2002,312500
419,2.0,656.0,864.0,1120,5,1120,5,7,1966,1,red,1,bad,bad,3,1,7,0,0,2004,148800
520,3.0,984.0,1530.0,1530,7,1530,9,5,2007,2,red,1,good,good,3,1,5,0,0,2008,250000
931,2.0,576.0,1310.0,1906,6,1906,6,5,1954,1,red,2,good,bad,3,1,1,1,0,1954,224000
348,2.0,400.0,384.0,804,7,1474,7,5,1995,2,red,1,bad,bad,3,1,5,1,670,1996,168500
297,2.0,473.0,423.0,896,6,1652,7,6,1994,2,red,0,NA,good,3,1,6,1,756,2007,203135
1112,3.0,824.0,1574.0,1574,7,1574,8,5,2006,2,red,1,good,good,3,1,7,0,0,2006,232000
917,1.0,215.0,600.0,628,6,1228,7,8,1918,1,red,1,good,bad,3,1,5,0,600,1990,137000
1759,2.0,460.0,941.0,961,7,1644,6,5,1999,2,red,1,bad,bad,3,1,5,1,683,2000,185000
2242,0.0,0.0,957.0,1034,9,1991,5,6,1895,2,red,0,NA,bad,4,2,6,0,957,2006,119600
2360,1.0,280.0,864.0,864,5,864,4,5,1970,1,red,0,NA,bad,3,1,7,0,0,1970,116050
1982,1.0,308.0,649.0,679,6,1183,3,7,1948,1,red,0,NA,bad,2,1,6,1,504,2002,120000
2168,1.0,384.0,936.0,936,4,936,5,5,1967,1,red,1,okay,bad,2,1,8,0,0,1967,118500
1184,2.0,469.0,952.0,952,7,1812,7,5,2002,2,red,1,bad,bad,3,1,4,1,860,2002,205000
2140,2.0,461.0,882.0,882,5,882,5,5,1972,1,red,0,NA,bad,3,1,3,0,0,1972,112500
1350,1.0,240.0,672.0,1072,6,1285,5,5,1948,1,red,0,NA,bad,2,1,1,0,213,2001,127000
2327,2.0,504.0,1064.0,1064,5,1767,7,7,1987,2,red,1,bad,good,2,1,6,0,703,1987,239000
263,3.0,850.0,1978.0,1978,8,1978,8,5,2003,2,red,1,good,good,3,1,5,1,0,2003,318000
845,2.0,492.0,928.0,928,7,1772,6,5,1998,2,red,1,bad,bad,3,1,4,1,844,1998,200000
1481,2.0,420.0,848.0,848,3,848,6,5,2004,1,red,1,bad,good,1,1,5,0,0,2004,149300
2812,2.0,502.0,1336.0,1336,6,1336,7,5,2005,2,red,0,NA,good,3,1,9,0,0,2006,198000
1797,3.0,1025.0,1088.0,1088,8,1959,8,5,2006,2,red,1,good,good,3,1,12,1,871,2006,270000
1896,2.0,572.0,1144.0,1429,7,1429,6,6,1960,1,red,2,good,good,3,1,6,0,0,1987,181900
1875,1.0,318.0,1214.0,1214,5,1214,5,5,1967,2,red,1,okay,bad,3,1,7,0,0,1967,143000
1536,2.0,786.0,608.0,983,9,1873,8,6,1935,1,red,2,good,bad,4,1,6,1,890,1950,257076
2698,1.0,288.0,806.0,1081,7,1422,5,5,1951,1,red,1,bad,bad,3,1,6,0,341,1951,137500
2830,2.0,380.0,970.0,970,7,1709,6,5,2004,2,red,0,NA,good,3,1,4,0,739,2006,130000
2351,2.0,434.0,713.0,811,6,1552,6,6,1975,2,red,1,bad,bad,3,1,2,1,741,1975,179900
2891,2.0,628.0,1210.0,1238,9,2519,7,5,1989,2,red,2,good,good,4,1,4,1,1281,1990,335000
2422,2.0,398.0,1368.0,1511,5,1511,7,5,2002,2,red,1,bad,good,2,1,5,0,0,2002,246990
1270,1.0,311.0,1256.0,1256,6,1256,5,6,1959,1,blue,0,NA,good,3,1,5,1,0,1959,159000
2380,3.0,840.0,1249.0,1249,9,2596,9,5,2006,3,red,0,NA,good,4,1,9,1,1347,2006,342643
1321,2.0,400.0,723.0,723,5,1086,2,1,1920,1,red,0,NA,bad,2,1,11,0,363,1950,55000
2355,2.0,495.0,1056.0,1074,6,1074,5,6,1975,1,red,0,NA,bad,3,1,7,1,0,1975,153500
1772,2.0,546.0,3200.0,3228,10,3228,8,5,1992,3,red,1,good,good,4,1,5,0,0,1993,430000
364,2.0,500.0,1424.0,1442,5,1442,7,5,1990,2,red,0,NA,bad,3,1,5,0,0,1990,180500
2603,3.0,936.0,672.0,694,6,1214,3,4,1915,1,red,0,NA,bad,3,1,1,0,520,1950,105000
624,2.0,514.0,1394.0,1394,6,1394,6,5,1963,1,red,2,good,bad,3,1,7,1,0,1963,159000
2095,2.0,499.0,779.0,1029,7,1958,7,5,1994,2,red,1,bad,good,3,1,7,1,929,2001,220000
1001,2.0,462.0,1337.0,1337,5,1337,8,5,1993,2,red,1,bad,good,2,1,10,0,0,1993,180000
34,1.0,308.0,836.0,836,4,836,7,6,1975,1,red,0,NA,bad,2,1,6,0,0,1975,120000
694,2.0,324.0,972.0,972,12,1944,6,5,1910,2,blue,0,NA,bad,4,2,6,0,972,1950,103500
2623,1.0,286.0,1040.0,1040,6,1040,5,5,1959,1,blue,0,NA,bad,3,1,7,0,0,1959,133700
1447,2.0,576.0,940.0,1026,5,1026,6,6,1978,1,red,0,NA,bad,3,1,10,0,0,1978,147000
380,2.0,478.0,1271.0,1601,7,1601,7,5,1978,2,red,1,bad,bad,3,1,4,0,0,1978,157000
101,2.0,440.0,756.0,756,5,1512,6,5,2000,2,red,0,NA,good,2,1,5,1,756,2000,177000
1441,2.0,564.0,963.0,963,7,1792,7,5,2001,2,red,1,bad,good,3,1,5,1,829,2001,231500
2666,3.0,840.0,1107.0,1518,12,3608,10,9,1892,2,red,2,bad,amazing,4,1,6,1,1518,1993,475000
2176,2.0,579.0,0.0,1100,11,2233,5,6,1979,2,red,0,NA,bad,5,2,2,1,1133,1979,141000
961,3.0,610.0,1466.0,1466,7,1466,8,5,2007,2,red,0,NA,good,3,1,7,0,0,2007,201000
2280,2.0,648.0,1064.0,1040,5,1040,4,5,1963,1,red,0,NA,bad,3,1,1,0,0,1963,132250
1813,2.0,514.0,1482.0,1494,5,1494,7,5,1998,2,red,1,okay,good,3,1,8,0,0,1998,215000
1990,1.0,374.0,728.0,914,9,1642,6,6,1927,1,red,1,good,bad,4,1,3,1,728,1950,145000
510,3.0,844.0,1702.0,1702,7,1702,8,5,2007,2,red,1,good,good,3,1,3,0,0,2007,275500
1305,0.0,0.0,448.0,1588,6,1588,3,1,1949,2,red,0,NA,bad,5,1,12,0,0,1992,65000
1221,1.0,205.0,991.0,1077,5,1077,5,6,1939,1,red,2,bad,bad,2,2,1,0,0,1950,118000
61,2.0,527.0,1720.0,1720,7,1720,7,5,1996,2,red,1,bad,good,3,1,3,0,0,1996,260400
1191,2.0,624.0,1522.0,1548,9,2614,6,7,1974,2,red,1,bad,bad,4,1,6,1,1066,1997,240000
2639,2.0,400.0,780.0,940,7,1416,6,8,1900,1,red,0,NA,good,3,1,6,0,476,2004,156500
2805,2.0,545.0,1390.0,1390,7,1390,7,5,2003,2,red,0,NA,good,3,1,3,0,0,2003,207000
2610,1.0,264.0,1135.0,1207,6,1207,6,5,1962,1,red,0,NA,bad,3,1,5,1,0,1985,147000
2347,2.0,604.0,1845.0,1872,6,1872,7,5,1988,2,red,1,bad,bad,3,1,6,0,0,1988,241500
1903,0.0,0.0,370.0,442,4,670,3,5,1945,1,blue,0,NA,okay,2,1,7,0,228,1950,64000
1132,2.0,542.0,835.0,835,7,1696,6,5,2003,2,red,0,NA,good,3,1,7,1,861,2003,188000
2825,2.0,525.0,547.0,1072,5,1072,5,5,2005,1,red,0,NA,bad,2,1,5,0,0,2005,145000
523,3.0,812.0,1017.0,1026,10,2007,10,5,2008,2,red,1,amazing,amazing,3,1,4,1,981,2008,310000
1784,3.0,786.0,1726.0,1726,8,1726,7,5,2007,2,red,1,good,amazing,3,1,9,0,0,2007,311872
1798,2.0,550.0,1184.0,1184,11,2610,8,5,2007,2,red,1,good,amazing,4,1,8,1,1426,2007,303477
2296,0.0,0.0,796.0,796,5,796,5,7,1971,1,red,0,NA,bad,2,1,9,0,0,1971,138000
1841,2.0,528.0,625.0,625,5,1250,7,5,2006,2,red,0,NA,good,2,1,6,1,625,2007,164700
2712,1.0,336.0,1051.0,1159,7,1159,5,5,1968,1,red,1,okay,bad,3,1,7,1,0,1968,158000
72,2.0,618.0,956.0,956,8,2084,7,5,2004,2,red,0,NA,good,4,1,1,1,1128,2004,233000
2767,2.0,522.0,1388.0,1388,6,1388,6,5,1968,2,red,1,horrible,bad,3,1,7,0,0,1968,158900
36,3.0,751.0,1590.0,1627,10,2334,9,5,2009,2,red,1,good,amazing,3,1,1,1,707,2010,376162
2443,3.0,885.0,1044.0,1079,7,1976,8,5,1998,2,red,1,amazing,good,3,1,2,1,897,1998,286000
2097,3.0,1052.0,1466.0,1466,11,2828,8,5,2006,3,red,1,bad,good,4,1,4,0,1362,2007,424870
1502,0.0,0.0,1440.0,1440,8,1440,4,4,1955,2,green,0,NA,okay,4,2,9,0,0,1955,118000
2253,1.0,360.0,852.0,918,4,918,7,6,1975,1,red,0,NA,bad,3,0,3,0,0,1975,148000
142,1.0,294.0,1314.0,1314,5,1314,5,6,1957,1,red,0,NA,bad,3,1,6,0,0,1957,145000
1680,2.0,440.0,1078.0,958,5,958,6,5,1976,2,red,1,bad,bad,2,1,2,0,0,1976,128000
2569,1.0,286.0,936.0,1128,5,1128,5,5,1954,1,red,0,NA,bad,2,1,6,0,0,1954,118000
2902,3.0,682.0,1838.0,1838,9,1838,9,5,2005,2,red,1,good,amazing,3,1,9,0,0,2006,359900
2485,2.0,624.0,988.0,988,6,988,5,4,1962,1,red,0,NA,bad,3,1,7,0,0,1962,129500
2134,2.0,440.0,864.0,894,5,894,5,5,1974,1,red,0,NA,bad,3,1,8,0,0,1974,131000
2456,3.0,1134.0,2077.0,2097,8,2097,8,5,2005,1,red,1,amazing,amazing,1,1,1,1,0,2006,423000
1208,2.0,576.0,1425.0,1425,7,1425,6,5,1964,2,red,1,good,bad,3,1,7,0,0,1964,180500
1617,2.0,388.0,794.0,794,6,1470,6,6,1997,2,red,0,NA,bad,3,1,7,0,676,1997,177000
2527,2.0,619.0,1054.0,1512,9,2654,6,7,1968,2,red,1,good,good,4,1,8,1,1142,1984,250000
1186,2.0,516.0,1427.0,1427,7,1427,6,6,1969,2,red,0,NA,bad,4,1,5,0,0,1969,183000
152,1.0,246.0,1057.0,1057,5,1057,5,7,1953,1,red,0,NA,good,3,1,1,0,0,2007,109000
2629,1.0,288.0,1150.0,1150,6,1150,5,4,1961,1,red,0,NA,bad,3,1,7,0,0,1961,146000
1369,0.0,0.0,536.0,808,8,1344,3,3,1915,2,green,0,NA,bad,3,2,5,0,536,1950,82375
1089,2.0,400.0,840.0,840,7,1720,7,5,2002,2,red,1,good,good,3,1,7,1,880,2003,188000
42,3.0,678.0,1822.0,1822,8,1822,8,5,2005,2,red,1,good,amazing,3,1,2,0,0,2006,259000
2550,1.0,286.0,1248.0,1248,6,1248,5,7,1960,1,red,0,NA,bad,3,1,5,0,0,1960,151500
5,2.0,470.0,926.0,926,7,1604,6,6,1998,2,red,1,good,good,3,1,6,1,678,1998,195500
55,2.0,440.0,860.0,860,8,1960,6,5,2002,2,red,2,bad,good,4,1,5,1,1100,2002,216500
1459,2.0,905.0,1055.0,1055,7,2263,8,5,2001,2,red,1,bad,good,3,1,9,1,1208,2002,287000
1002,2.0,506.0,1280.0,1280,5,1280,8,5,1992,2,red,0,NA,good,2,1,8,0,0,1992,180000
1083,2.0,388.0,1266.0,1266,6,1266,7,5,2007,2,red,1,good,good,2,1,3,0,0,2007,159895
515,2.0,676.0,768.0,786,6,1590,8,5,2008,2,red,0,NA,good,3,1,6,1,804,2008,210000
2791,2.0,530.0,840.0,840,7,1755,6,5,1999,2,red,1,bad,bad,3,1,8,1,915,1999,214000
1809,2.0,566.0,1461.0,1486,7,1486,7,5,2006,2,red,0,NA,good,3,1,6,0,0,2006,181000
2204,1.0,225.0,686.0,686,6,1461,6,8,1926,1,red,1,good,bad,3,1,7,0,775,1991,135000
258,2.0,523.0,804.0,804,7,1682,6,5,1998,2,red,0,NA,good,3,1,6,1,878,1998,200500
1297,1.0,200.0,481.0,899,5,899,5,6,1910,1,blue,0,NA,bad,2,1,9,0,0,1950,78000
2865,3.0,579.0,637.0,959,8,1609,7,7,1932,1,red,2,good,good,3,1,5,1,650,1990,199500
2864,2.0,360.0,952.0,1170,9,2345,6,8,1932,2,red,1,good,bad,4,1,7,1,1175,1950,239000
906,1.0,281.0,793.0,848,6,1520,5,5,1932,1,red,0,NA,bad,3,1,7,0,672,2000,159434
1621,2.0,398.0,392.0,924,7,1694,6,5,1994,2,red,1,bad,bad,3,1,3,1,770,1994,160000
929,1.0,295.0,1067.0,986,7,1523,5,7,1949,2,red,1,bad,okay,3,1,10,0,537,2005,158000
2720,2.0,484.0,1134.0,1803,8,1803,5,4,1957,2,red,1,bad,bad,3,1,1,0,0,2000,155000
477,2.0,436.0,868.0,868,7,1630,7,5,2004,2,red,1,good,good,3,1,9,1,762,2005,189500
1516,1.0,400.0,672.0,810,7,1482,6,8,1925,2,red,0,NA,okay,4,1,3,0,672,1950,140000
1000,2.0,528.0,1664.0,1682,6,1682,8,5,1997,1,red,1,bad,good,1,1,7,1,0,1997,247900
339,2.0,482.0,1679.0,1803,6,1803,8,5,1994,2,red,2,bad,good,3,1,2,1,0,1995,285000
555,2.0,484.0,980.0,980,6,980,5,6,1977,1,red,0,NA,bad,3,1,7,0,0,1977,135000
1303,1.0,288.0,928.0,928,5,928,5,6,1957,1,blue,0,NA,bad,3,1,6,0,0,1957,112500
2243,2.0,720.0,1073.0,1073,6,1073,4,6,1957,1,blue,0,NA,bad,3,1,8,0,0,1980,140000
66,3.0,880.0,1595.0,1595,6,1595,8,5,2005,2,red,1,good,good,2,1,5,0,0,2006,221500
1473,2.0,548.0,856.0,856,8,1710,7,5,2003,2,red,0,NA,good,3,1,2,1,854,2003,208500
725,3.0,640.0,741.0,780,8,1521,6,7,1910,1,red,0,NA,good,4,1,9,0,741,2002,146500
1602,1.0,264.0,816.0,816,4,816,5,7,1983,1,red,0,NA,bad,2,1,4,0,0,1983,128500
2562,1.0,240.0,806.0,958,5,1578,6,7,1941,1,blue,2,bad,okay,3,1,8,0,620,1950,133000
140,1.0,308.0,1143.0,1143,6,1143,5,5,1959,1,red,0,NA,bad,3,1,5,0,0,1959,136000
1113,3.0,642.0,1578.0,1578,7,1578,7,5,2006,2,red,1,good,good,3,1,5,0,0,2006,240000
1044,1.0,264.0,483.0,483,5,987,6,3,1971,1,red,0,NA,bad,2,1,8,1,504,1971,89500
1098,2.0,516.0,1173.0,1182,9,2199,8,5,1997,2,red,1,bad,good,3,1,9,1,1017,1997,284500
1694,3.0,947.0,1063.0,1071,9,2172,7,5,2006,2,red,1,good,good,3,1,8,1,1101,2006,280000
2505,2.0,550.0,1247.0,1247,4,1247,8,5,2005,1,red,1,good,good,1,1,4,1,0,2005,197000
587,2.0,502.0,1288.0,1336,6,1336,5,5,1969,2,red,1,okay,bad,3,1,8,0,0,1969,163000
2866,2.0,365.0,697.0,1104,8,1801,6,7,1930,1,red,1,good,bad,3,1,11,1,697,1959,210000
2826,2.0,525.0,547.0,1072,5,1072,6,5,2005,2,red,0,NA,bad,2,1,6,0,0,2006,140000
2101,2.0,440.0,1316.0,1316,6,1316,7,5,2007,2,red,1,good,good,3,1,10,0,0,2007,200141
1934,1.0,240.0,1008.0,1008,6,1008,5,7,1953,1,red,0,NA,good,2,1,5,0,0,2006,134500
1135,2.0,576.0,1114.0,1114,6,1114,5,5,2004,1,red,0,NA,good,3,1,6,1,0,2004,159000
102,2.0,484.0,696.0,696,6,1416,7,5,1999,2,red,0,NA,good,3,1,5,1,720,1999,155000
1386,2.0,400.0,1300.0,1140,6,1140,5,4,1920,1,red,0,NA,bad,3,1,1,0,0,1950,95541
2754,3.0,865.0,1614.0,1614,7,1614,7,5,2005,2,red,0,NA,good,3,1,7,0,0,2006,221500
2725,2.0,521.0,1865.0,1830,6,1830,7,6,1967,1,red,2,good,bad,2,1,6,0,0,1967,278000
281,2.0,440.0,1121.0,1121,5,1121,4,5,2003,2,red,0,NA,bad,2,1,3,0,0,2004,140000
2319,3.0,800.0,893.0,901,8,1801,8,5,2005,2,red,1,good,good,3,1,6,1,900,2005,239900
185,2.0,624.0,346.0,1157,7,2268,8,9,1890,3,red,0,NA,good,3,1,4,0,1111,2002,240000
2064,1.0,323.0,1240.0,1375,6,1375,5,5,1956,1,red,1,good,bad,3,1,12,0,0,1998,187000
1712,3.0,878.0,1614.0,1614,7,1614,7,5,2005,2,red,0,NA,good,3,1,5,0,0,2006,245700
1209,2.0,490.0,1127.0,1165,6,1165,6,7,1966,1,red,0,NA,bad,3,1,5,1,0,1966,174900
2715,2.0,440.0,1461.0,1721,7,1721,5,6,1968,2,red,1,bad,bad,3,1,7,1,0,1993,180000
2790,2.0,591.0,826.0,878,6,1762,7,5,2002,2,red,0,NA,good,3,1,7,1,884,2002,222000
731,1.0,336.0,297.0,1001,7,1654,5,7,1930,2,red,1,good,bad,3,1,5,0,653,1982,137000
2738,2.0,528.0,1776.0,1560,6,1560,5,5,1962,2,red,1,okay,bad,3,1,5,0,0,1962,182000
19,2.0,500.0,1542.0,2073,7,2073,6,6,1978,2,red,2,bad,bad,3,1,2,0,0,1988,210000
1166,2.0,440.0,744.0,757,6,1549,6,5,1999,2,red,0,NA,bad,3,1,4,1,792,1999,172900
472,2.0,397.0,1220.0,1220,5,1220,7,5,2005,2,red,1,good,good,2,1,8,0,0,2006,180000
2836,0.0,0.0,658.0,658,8,1184,5,3,1910,1,red,0,NA,bad,5,1,5,0,526,1996,81000
54,2.0,400.0,384.0,744,7,1374,7,5,2004,2,red,1,good,good,3,1,6,1,630,2004,184500
1229,2.0,504.0,1362.0,1362,6,1362,6,5,1961,1,red,1,bad,bad,3,1,6,1,0,1961,163000
1882,2.0,461.0,1065.0,1065,6,1065,5,5,1960,1,red,0,NA,bad,3,1,7,1,0,1960,126500
2046,1.0,240.0,756.0,756,7,1134,5,6,1940,1,green,0,NA,bad,3,1,4,1,378,1950,126000
2106,3.0,826.0,1240.0,1240,5,1240,7,5,2006,2,red,0,NA,good,2,1,5,0,0,2006,194000
2342,2.0,440.0,1208.0,1621,8,1621,7,7,1984,2,red,0,NA,good,3,1,5,0,0,1998,202500
1845,2.0,440.0,756.0,769,4,1573,6,5,2000,2,red,0,NA,good,3,1,9,1,804,2000,177000
2774,2.0,576.0,1479.0,1494,6,1494,6,5,1997,2,red,0,NA,good,3,1,7,0,0,1997,217000
1153,1.0,276.0,864.0,864,5,864,5,5,1963,1,red,0,NA,bad,3,1,1,0,0,1963,119916
1968,1.0,300.0,0.0,925,7,925,5,6,1961,1,red,0,NA,bad,3,1,7,0,0,1961,99000
759,0.0,0.0,858.0,892,5,892,4,6,1923,1,red,0,NA,good,1,1,7,0,0,1950,70000
1508,1.0,240.0,768.0,768,6,1200,5,6,1946,1,red,0,NA,bad,3,1,5,0,432,1995,130500
1142,2.0,483.0,832.0,832,6,1657,7,5,1994,2,red,0,NA,good,3,1,11,1,825,1995,189000
82,1.0,429.0,816.0,1012,5,1012,5,5,1920,1,blue,0,NA,bad,2,1,4,0,0,1950,67500
122,2.0,480.0,533.0,1131,8,1775,6,5,1964,2,red,0,NA,bad,3,1,5,0,644,1964,136300
2889,2.0,528.0,1128.0,1210,6,1210,6,6,1975,2,red,0,NA,bad,3,1,5,0,0,1975,148000
2538,1.0,568.0,1141.0,1141,6,1141,5,7,1967,1,red,0,NA,bad,3,1,7,0,0,1967,158000
2847,1.0,240.0,1058.0,1058,6,1551,5,5,1938,2,red,0,NA,okay,3,1,7,0,493,1950,137000
2618,1.0,319.0,1484.0,1600,6,1600,5,6,1957,1,red,2,good,bad,2,1,12,0,0,1997,207500
2756,3.0,868.0,1391.0,1391,7,1962,7,5,2006,2,red,0,NA,good,3,1,8,1,571,2006,239799
1476,2.0,520.0,770.0,770,6,1582,7,5,2004,2,red,0,NA,good,3,1,9,1,812,2004,185900
1521,2.0,621.0,612.0,990,8,2601,5,6,1921,3,red,0,NA,bad,4,1,5,1,1611,1998,189000
2870,1.0,375.0,1165.0,1336,5,1336,5,5,1953,1,red,2,good,bad,2,1,6,0,0,1953,157000
1395,2.0,626.0,988.0,1721,7,1721,5,3,1960,2,red,2,bad,bad,3,1,12,0,0,1960,145000
1486,0.0,0.0,1272.0,1272,9,2200,5,7,1900,2,red,0,NA,bad,4,2,9,2,928,2003,145900
693,1.0,162.0,901.0,861,6,1378,6,8,1935,1,red,0,NA,good,3,1,6,0,517,1998,128900
1162,2.0,480.0,600.0,600,5,1200,6,5,2005,2,red,0,NA,good,2,1,5,1,600,2005,165000
1085,2.0,393.0,789.0,813,8,1515,6,5,2004,2,red,1,good,good,3,1,7,1,702,2004,179000
217,0.0,0.0,1768.0,1768,8,1768,4,5,1968,2,red,0,NA,bad,4,2,4,0,0,1968,136500
2859,2.0,400.0,792.0,792,7,1517,8,7,1929,1,red,2,good,good,3,1,6,0,725,1950,230000
1744,2.0,388.0,1266.0,1266,6,1266,7,5,2007,2,red,1,good,good,2,1,8,0,0,2007,185485
2441,2.0,429.0,975.0,1005,8,2291,7,5,1999,2,red,1,bad,good,4,1,2,1,1286,1999,230000
1606,1.0,264.0,845.0,845,6,845,5,6,1982,1,red,0,NA,good,3,1,7,0,0,2005,134500
2533,2.0,530.0,900.0,884,7,1770,5,5,1968,1,red,0,NA,bad,4,1,6,1,886,1968,155000
1344,2.0,360.0,1078.0,1128,8,1573,5,7,1930,2,red,1,good,bad,3,1,6,0,445,1992,162900
1092,2.0,451.0,936.0,962,8,1792,6,5,2000,2,red,1,bad,bad,3,1,5,1,830,2000,186500
806,2.0,576.0,0.0,1288,7,2016,5,7,1880,1,red,1,bad,bad,4,1,6,0,728,2007,131000
2113,2.0,454.0,1157.0,1180,7,2062,7,5,1988,2,red,1,good,bad,3,1,4,1,882,1989,277000
2531,1.0,384.0,980.0,980,6,980,5,5,1967,2,red,0,NA,bad,3,1,10,0,0,1967,135500
2191,1.0,355.0,768.0,768,4,768,4,5,1955,1,red,1,okay,bad,2,1,7,0,0,1955,125000
319,2.0,510.0,817.0,824,8,1894,7,5,2002,2,red,1,good,good,4,1,2,1,1070,2003,214900
1859,2.0,460.0,1262.0,1262,6,1262,6,8,1976,2,red,1,bad,bad,3,1,5,0,0,1976,181500
159,2.0,576.0,1063.0,1287,7,1287,5,7,1959,1,red,1,good,good,3,1,3,0,0,2006,162000
1899,1.0,306.0,932.0,932,4,932,6,5,1950,1,blue,1,good,good,2,1,11,0,0,1950,124000
322,2.0,528.0,1068.0,1264,7,1264,5,5,1965,1,red,1,bad,bad,2,1,6,0,0,1977,169000
724,1.0,207.0,972.0,1044,6,1480,6,6,1920,1,red,0,NA,bad,3,1,9,0,0,1950,119000
2473,2.0,484.0,1141.0,1141,6,1141,6,5,2005,1,red,0,NA,bad,3,1,3,1,0,2005,142500
2925,2.0,588.0,1003.0,1003,6,1003,6,6,1984,1,red,0,NA,bad,3,1,3,0,0,1984,142500
190,2.0,624.0,738.0,868,6,1470,6,7,1922,1,red,0,NA,bad,2,1,6,1,602,1994,140750
602,3.0,768.0,1040.0,1362,6,1362,4,5,1957,1,red,1,good,bad,3,1,5,0,0,1957,140000
993,2.0,420.0,680.0,680,7,1470,6,5,1995,2,red,1,bad,bad,3,1,10,1,790,1996,165000
2018,2.0,576.0,832.0,854,5,854,7,8,1929,1,blue,0,NA,bad,2,1,7,0,0,2001,132000
1615,2.0,433.0,847.0,847,7,1733,7,5,2003,2,red,1,good,good,3,1,10,1,886,2003,225000
2122,2.0,497.0,635.0,646,6,1308,6,6,1997,2,red,0,NA,good,3,1,5,1,662,2006,175000
2258,2.0,461.0,585.0,2279,7,2279,6,8,1958,2,red,1,good,good,4,1,7,1,0,1995,257000
1627,2.0,402.0,384.0,802,7,1472,7,5,1991,2,red,1,bad,good,3,1,5,1,670,1992,160000
2442,3.0,870.0,1396.0,1407,7,2392,8,5,1997,2,red,1,bad,good,3,1,6,1,985,1998,348000
824,2.0,524.0,1838.0,1838,7,1838,8,5,2007,2,red,2,good,good,3,1,4,0,0,2008,272500
2157,2.0,482.0,1341.0,1341,5,1341,8,5,1999,1,red,1,bad,good,1,1,1,1,0,2000,246900
538,2.0,555.0,1176.0,1200,5,1200,7,5,2003,2,red,0,NA,good,2,1,8,0,0,2003,184900
2793,3.0,748.0,1753.0,1787,7,1787,8,5,2001,2,red,1,bad,good,3,1,8,0,0,2002,275000
483,2.0,554.0,952.0,980,8,2256,7,5,2000,2,red,1,bad,good,4,1,4,1,1276,2000,236000
2837,1.0,392.0,784.0,949,7,1221,5,7,1924,1,red,0,NA,bad,4,1,3,0,272,1950,104900
2374,1.0,300.0,943.0,1387,6,1387,5,7,1967,1,red,1,bad,bad,3,1,9,0,0,1975,145000
989,2.0,601.0,1184.0,1414,6,1414,6,8,1958,1,red,1,bad,bad,3,1,5,0,0,2002,176500
2549,2.0,750.0,1008.0,1053,6,1053,5,7,1958,1,blue,0,NA,amazing,3,1,7,1,0,1991,150000
1314,0.0,0.0,572.0,884,7,1540,5,9,1905,1,red,0,NA,good,3,1,2,1,656,2005,129400
733,1.0,240.0,672.0,757,6,1324,4,6,1936,1,red,0,NA,bad,3,1,7,0,567,1950,128000
1444,1.0,308.0,938.0,938,5,938,5,6,1975,1,red,0,NA,bad,3,1,7,0,0,1980,130250
2283,2.0,572.0,1040.0,1060,6,1060,5,7,1976,1,red,1,bad,bad,3,1,6,0,0,1976,129900
1381,2.0,450.0,894.0,894,5,894,5,7,1967,1,red,0,NA,good,3,1,5,0,0,2003,130000
1668,4.0,480.0,858.0,872,5,872,4,5,1971,1,red,0,NA,bad,3,1,6,0,0,1971,123000
1729,2.0,393.0,783.0,783,8,1484,6,5,2005,2,red,1,good,good,3,1,7,1,701,2007,178900
2737,2.0,836.0,1836.0,1836,7,3672,6,8,1935,3,red,2,good,good,5,1,12,1,1836,1990,415000
1873,1.0,311.0,1052.0,1052,6,1052,6,5,1963,1,red,0,NA,bad,3,1,2,0,0,1963,127000
2646,1.0,216.0,844.0,844,5,844,5,7,1925,1,red,0,NA,bad,2,1,7,0,0,1950,111500
2109,2.0,674.0,1489.0,1500,7,1500,8,5,2006,2,red,1,good,good,3,1,6,0,0,2006,212999
1023,2.0,461.0,1211.0,1211,6,1211,6,5,1976,2,red,1,horrible,good,3,1,11,0,0,1976,161000
2557,2.0,576.0,504.0,936,5,1252,5,8,1908,1,red,0,NA,bad,3,1,6,0,316,1991,127000
1244,1.0,384.0,1104.0,1104,5,1104,5,5,1956,1,red,0,NA,bad,3,1,4,0,0,1958,133000
412,2.0,440.0,855.0,855,6,1322,6,5,1974,2,red,1,okay,bad,3,1,6,1,467,1974,147000
438,3.0,927.0,1739.0,1743,8,1743,9,5,2008,2,red,1,good,amazing,3,1,6,0,0,2008,335000
2863,2.0,451.0,1022.0,1122,7,1671,7,7,1929,2,blue,1,good,bad,4,1,2,0,549,1950,218000
222,1.0,416.0,864.0,892,5,892,5,7,1966,1,red,0,NA,good,3,1,6,0,0,2008,137900
387,2.0,478.0,1621.0,1621,7,1621,5,7,1975,2,red,2,okay,bad,3,1,6,0,0,1975,213000
2571,2.0,430.0,1008.0,1008,5,1008,6,7,1963,1,red,0,NA,bad,2,1,10,0,0,1963,135000
275,0.0,0.0,0.0,1664,8,1664,5,5,1965,2,red,0,NA,bad,4,2,5,0,0,1965,100000
88,1.0,260.0,1040.0,1040,6,1040,5,8,1962,1,red,0,NA,bad,3,1,4,1,0,2010,127000
2085,1.0,256.0,1342.0,1342,7,1342,5,6,1951,1,red,0,NA,bad,4,1,4,0,0,1951,125000
826,2.0,660.0,1604.0,1604,8,1604,7,5,2006,2,red,1,good,good,3,1,3,1,0,2006,220000
879,3.0,810.0,1578.0,1602,7,1602,8,5,2007,2,red,1,good,good,3,1,1,0,0,2007,293200
1692,3.0,670.0,1108.0,1148,11,2550,8,5,2006,2,red,1,good,amazing,4,1,3,1,1402,2007,338931
2723,1.0,364.0,648.0,960,3,960,4,9,1965,0,red,0,NA,bad,0,1,5,0,0,2001,145000
271,2.0,606.0,1473.0,1484,7,1484,7,5,2004,2,red,0,NA,good,3,1,5,0,0,2005,213000
485,2.0,390.0,992.0,1022,7,2054,6,5,2000,2,red,1,bad,good,3,1,7,1,1032,2000,244000
565,3.0,704.0,1376.0,1376,9,3005,7,5,2004,2,red,1,bad,good,3,1,7,1,1629,2005,280750
1562,2.0,482.0,1594.0,1646,5,1646,8,5,2004,2,red,1,good,good,2,1,1,0,0,2005,275000
2624,2.0,400.0,0.0,1040,6,1040,3,4,1950,2,green,0,NA,bad,2,2,12,0,0,1950,81400
2368,0.0,0.0,672.0,672,7,1218,6,5,1971,1,red,0,NA,bad,3,1,4,1,546,1971,91500
1949,1.0,216.0,656.0,968,5,968,4,6,1927,2,red,0,NA,bad,4,1,8,0,0,2007,64500
1451,1.0,352.0,864.0,864,5,864,5,7,1972,1,red,0,NA,bad,3,1,5,0,0,1972,127000
1405,2.0,495.0,1094.0,1094,5,1094,6,5,1953,1,red,2,good,bad,3,1,6,0,0,1953,155000
2537,1.0,264.0,1051.0,1051,6,1051,5,5,1966,1,red,0,NA,bad,3,1,3,0,0,1966,124400
351,2.0,495.0,1418.0,1478,5,1478,8,5,1998,2,red,0,NA,bad,2,1,7,0,0,1998,240000
2663,1.0,216.0,684.0,684,7,1368,6,7,1910,1,blue,0,NA,bad,3,1,10,0,684,1993,114504
1161,2.0,495.0,1235.0,1245,5,1245,7,5,2004,2,red,0,NA,good,1,1,6,0,0,2005,178000
662,0.0,0.0,416.0,599,4,599,2,5,1940,1,blue,0,NA,good,2,1,6,0,0,1950,59000
594,2.0,440.0,1568.0,1568,7,1568,5,5,1967,1,red,0,NA,bad,3,1,3,1,0,1967,143000
1639,2.0,556.0,1612.0,1612,6,1612,9,5,2006,2,red,1,good,amazing,2,1,3,0,0,2006,319900
1512,1.0,205.0,949.0,949,6,1292,4,7,1923,1,red,0,NA,good,3,1,6,1,343,2008,108000
89,2.0,461.0,1208.0,1494,7,1494,6,6,1974,2,red,2,okay,bad,3,1,4,0,0,2002,169000
1870,2.0,528.0,1680.0,1680,8,1680,5,6,1976,2,red,0,NA,bad,4,2,6,0,0,1976,136905
648,1.0,230.0,1031.0,1031,5,1031,5,8,1952,1,red,0,NA,good,2,1,3,0,0,2005,145500
770,2.0,440.0,918.0,918,7,1683,6,5,1978,2,red,1,bad,bad,3,1,7,1,765,1978,172500
1066,3.0,732.0,1603.0,1575,7,1575,8,5,2003,2,red,1,bad,good,2,1,6,0,0,2004,284000
177,2.0,484.0,926.0,926,6,1316,5,7,1929,1,red,0,NA,bad,3,1,4,0,0,2001,130000
836,1.0,440.0,990.0,990,5,990,5,7,1994,1,red,0,NA,bad,3,1,10,0,0,1994,143000
1250,1.0,240.0,773.0,773,4,773,5,5,1953,1,red,0,NA,bad,2,1,4,0,0,1953,110000
2158,2.0,434.0,847.0,847,8,1928,7,5,2003,2,red,1,good,good,4,1,7,1,1081,2004,219500
2619,1.0,597.0,910.0,910,6,1521,4,6,1950,1,red,0,NA,good,3,1,9,1,611,1950,147500
1133,2.0,478.0,835.0,835,8,1663,7,5,2003,2,red,0,NA,good,3,1,7,1,828,2004,192500
2052,2.0,528.0,980.0,1020,5,1020,5,8,1964,2,red,1,horrible,bad,3,1,5,0,0,2001,165000
2329,3.0,670.0,1398.0,1414,11,2798,9,5,2005,3,red,1,good,amazing,3,1,3,1,1384,2006,457347
2289,0.0,0.0,630.0,630,3,630,4,6,1970,1,red,0,NA,bad,1,1,12,0,0,1970,84500
2437,2.0,431.0,982.0,1008,9,1889,6,5,2000,2,red,1,bad,bad,3,1,4,1,881,2000,215000
795,1.0,266.0,1049.0,1049,5,1049,5,5,1984,2,red,0,NA,good,2,1,2,0,0,1984,139500
2,1.0,312.0,1329.0,1329,6,1329,6,6,1958,1,red,0,NA,good,3,1,6,1,0,1958,172000
1575,2.0,612.0,920.0,920,6,1780,8,5,2007,2,red,1,good,good,3,1,1,1,860,2007,264966
2197,1.0,200.0,768.0,789,5,789,5,5,1926,1,red,0,NA,bad,2,1,6,0,0,1950,96500
108,2.0,475.0,725.0,725,6,1479,6,8,1976,2,red,0,NA,good,3,1,3,1,754,2005,130500
1711,3.0,774.0,895.0,895,8,1818,8,5,2007,2,red,1,good,amazing,3,1,8,1,923,2007,281500
1582,2.0,600.0,1461.0,1509,5,1509,6,5,1988,2,red,1,okay,good,3,1,8,0,0,1989,175000
2748,2.0,471.0,777.0,1065,8,1911,8,5,1993,2,red,1,bad,good,3,1,9,1,846,1994,215000
171,0.0,0.0,936.0,936,5,936,5,7,1920,1,red,1,good,bad,2,1,5,0,0,1950,109500
416,2.0,440.0,855.0,855,6,1456,6,5,1978,2,red,1,bad,bad,3,1,4,1,601,1978,138000
2330,3.0,758.0,1528.0,1528,10,3390,10,5,2006,3,red,1,amazing,amazing,5,1,9,1,1862,2006,545224
420,3.0,786.0,1700.0,1718,7,1718,10,5,2006,2,red,1,good,amazing,3,1,7,0,0,2007,337500
1390,2.0,621.0,988.0,1188,4,1188,6,8,1956,1,blue,1,bad,bad,1,1,6,0,0,1956,185000
1609,2.0,530.0,784.0,1168,7,1968,5,4,1969,2,red,1,horrible,bad,4,1,9,1,800,1969,172000
1313,2.0,396.0,735.0,1134,8,2058,6,5,1917,1,red,1,good,bad,3,1,4,1,924,1950,129500
2051,1.0,261.0,1029.0,1029,5,1029,4,5,1961,1,red,0,NA,bad,3,1,4,0,0,1961,118500
2594,1.0,398.0,617.0,865,6,1310,6,6,1924,2,red,0,NA,bad,2,1,5,0,445,1950,112000
2005,1.0,308.0,756.0,916,6,1060,5,7,1925,1,blue,1,good,bad,1,1,8,0,144,1994,136500
368,2.0,430.0,1530.0,1530,7,1530,7,5,2005,2,red,1,good,good,3,1,6,0,0,2005,260000
2400,3.0,706.0,1848.0,1848,10,2728,9,5,2005,2,red,2,amazing,amazing,4,1,4,1,880,2006,437154
2361,0.0,0.0,858.0,858,5,858,4,4,1971,1,red,0,NA,bad,3,1,6,0,0,1971,88000
2048,1.0,308.0,925.0,999,6,999,5,5,1963,1,red,0,NA,bad,3,1,3,0,0,1963,130000
748,2.0,532.0,728.0,1136,8,2019,7,8,1910,1,red,0,NA,good,3,1,10,0,883,1993,167500
73,2.0,484.0,831.0,831,8,1659,7,5,2004,2,red,0,NA,good,3,1,4,1,828,2004,181000
2346,2.0,582.0,988.0,1102,5,1102,6,6,1980,1,red,1,bad,bad,2,1,6,0,0,1980,169000
1787,2.0,484.0,1538.0,1538,7,1538,8,5,2005,2,red,0,NA,good,3,1,12,0,0,2005,260000
2045,0.0,0.0,1598.0,1636,12,3086,5,6,1946,3,red,1,good,amazing,3,1,3,0,971,1994,200500
316,2.0,520.0,1214.0,1214,6,1214,7,5,2009,2,red,0,NA,good,2,1,1,0,0,2010,179781
2553,1.0,273.0,938.0,1043,5,1043,5,7,1947,1,red,1,good,bad,2,1,5,0,0,1950,137000
869,2.0,521.0,1462.0,1513,5,1513,8,5,1999,2,red,1,bad,good,2,1,6,0,0,2000,220000
382,2.0,484.0,780.0,1088,9,1868,5,7,1976,2,red,1,bad,good,4,1,10,1,780,1976,197500
2761,2.0,576.0,1614.0,1614,7,1614,7,5,2005,2,red,1,good,good,3,1,3,0,0,2005,225000
1518,2.0,576.0,1181.0,1390,7,1694,6,5,1925,2,red,1,good,bad,4,1,6,0,304,1950,136500
154,1.0,392.0,0.0,827,5,827,5,7,1955,1,red,1,horrible,bad,2,1,4,0,0,2007,107500
1232,1.0,296.0,1099.0,1431,6,1431,6,5,1962,1,red,1,good,bad,3,1,12,0,0,1962,165000
782,1.0,452.0,1437.0,1473,5,1473,5,8,1968,1,red,2,good,amazing,1,1,6,0,0,2003,143000
2744,0.0,0.0,0.0,1124,5,1124,5,5,1954,1,red,1,good,bad,3,1,4,0,0,1954,93000
2561,2.0,528.0,2136.0,2136,7,2136,5,3,1951,2,blue,0,NA,bad,4,1,10,0,0,1951,137900
2121,2.0,521.0,1200.0,1200,6,1200,6,5,1995,2,red,0,NA,good,3,1,8,0,0,1995,177500
945,1.0,280.0,0.0,810,4,810,2,4,1910,1,blue,0,NA,bad,1,1,3,0,0,1950,57625
2165,2.0,484.0,738.0,738,7,1491,7,5,2006,2,red,1,good,good,3,1,5,1,753,2006,168675
1783,2.0,480.0,1528.0,1528,6,1528,7,5,2007,3,red,1,bad,good,3,1,9,2,0,2007,235876
312,3.0,888.0,1012.0,1034,6,1034,6,5,1976,1,red,0,NA,bad,3,1,5,0,0,1976,169900
1016,2.0,542.0,791.0,1236,7,2093,7,6,1986,2,red,1,bad,bad,3,1,11,1,857,1991,215000
2522,3.0,894.0,1842.0,1842,5,1842,9,5,1981,0,red,1,good,good,0,1,11,1,0,1987,385000
143,1.0,312.0,1194.0,1194,6,1194,6,6,1959,1,red,0,NA,bad,3,1,4,0,0,1959,148000
980,1.0,336.0,796.0,796,4,796,5,8,1972,1,red,0,NA,bad,2,1,7,0,0,1972,131900
2145,2.0,647.0,1284.0,1284,7,2169,8,5,2002,2,red,1,good,good,3,1,8,1,885,2002,228500
1096,2.0,400.0,1037.0,1037,8,2322,7,5,1999,2,red,1,bad,bad,4,1,5,1,1285,2000,225000
1428,3.0,811.0,1401.0,1511,6,1511,8,5,1995,2,red,1,okay,good,3,1,2,0,0,1995,225000
636,1.0,304.0,1202.0,1202,6,1202,5,5,1956,1,red,0,NA,bad,3,1,11,0,0,1956,120000
1479,2.0,610.0,1351.0,1361,6,1361,7,5,2007,2,red,0,NA,good,3,1,6,0,0,2007,193000
2721,2.0,454.0,1763.0,1779,6,1779,5,4,1955,1,red,1,good,bad,3,1,7,1,0,1974,170000
2436,2.0,460.0,953.0,953,7,1664,6,5,2000,2,red,1,bad,bad,3,1,1,1,711,2000,172400
970,2.0,336.0,0.0,1771,9,1771,5,4,1960,1,red,1,bad,bad,3,1,11,0,0,2006,115000
2124,1.0,384.0,990.0,990,5,990,5,7,1994,1,red,0,NA,bad,3,1,7,0,0,1994,146000
178,1.0,240.0,827.0,827,6,1251,6,7,1938,1,red,0,NA,okay,3,1,1,0,424,2000,119000
502,2.0,647.0,1070.0,1094,7,2061,7,5,1995,2,red,1,bad,good,3,1,11,1,967,1996,260000
344,2.0,470.0,945.0,945,7,1608,6,5,1997,2,red,1,bad,bad,3,1,7,1,663,1997,189500
1631,2.0,461.0,1074.0,1088,5,1088,8,5,1986,1,red,0,NA,good,2,1,10,1,0,1986,170000
488,2.0,394.0,794.0,819,7,1514,6,5,2000,2,red,1,bad,bad,3,1,6,1,695,2000,190000
2322,2.0,618.0,2062.0,2079,9,2687,8,5,1994,2,red,0,NA,good,4,1,12,1,608,1994,270000
198,2.0,624.0,528.0,548,5,1040,5,7,1936,1,red,0,NA,bad,2,1,5,0,492,1980,123900
1746,2.0,437.0,835.0,1119,5,1119,7,5,2004,2,red,0,NA,good,2,1,4,0,0,2005,188500
2465,2.0,615.0,858.0,858,7,1716,6,5,2005,2,red,0,NA,good,3,1,2,1,858,2005,200825
1860,2.0,676.0,2461.0,2497,7,2497,8,5,1981,2,red,2,good,good,2,1,3,0,0,1981,373000
1182,3.0,864.0,994.0,1599,9,2944,9,3,1977,2,red,1,good,good,3,1,6,2,1345,1977,150000
1933,1.0,293.0,1040.0,1040,6,1040,6,7,1953,1,green,0,NA,bad,3,1,6,0,0,1953,136000
1236,2.0,506.0,931.0,1283,6,1283,5,7,1962,1,red,0,NA,bad,3,1,10,0,0,1980,140000
1975,2.0,576.0,845.0,866,6,1296,6,6,1927,1,red,0,NA,bad,3,1,7,0,430,1950,127500
1361,2.0,400.0,1272.0,1272,9,1969,6,6,1938,2,red,1,good,bad,4,1,11,0,0,1958,141000
2785,1.0,288.0,864.0,864,5,864,5,7,1972,1,red,0,NA,bad,3,1,6,0,0,1972,128500
769,2.0,480.0,1121.0,1121,5,1121,5,6,1963,1,red,0,NA,bad,3,1,6,0,0,1963,139000
170,0.0,0.0,576.0,792,7,1140,4,7,1910,1,red,0,NA,bad,3,1,6,0,348,2004,96500
1379,1.0,408.0,876.0,904,6,904,5,7,1966,1,red,0,NA,bad,3,1,12,0,0,1966,109900
783,1.0,284.0,1134.0,1229,6,1229,4,6,1956,1,blue,0,NA,bad,3,1,4,0,0,1956,135000
2519,2.0,484.0,1036.0,1036,4,1036,8,5,1980,1,red,1,bad,good,1,1,9,0,0,1980,188000
2447,2.0,592.0,1086.0,1086,7,1924,8,5,1998,2,red,1,bad,good,3,1,6,1,838,1998,280000
1007,2.0,416.0,836.0,851,7,1709,6,5,1991,2,red,0,NA,good,3,1,9,1,858,1991,185000
45,2.0,484.0,1358.0,1358,6,1358,7,5,2009,2,red,1,good,good,2,1,6,0,0,2010,224000
1946,1.0,240.0,735.0,735,5,1034,5,6,1940,1,blue,0,NA,bad,2,1,7,0,299,1950,109000
471,2.0,457.0,1346.0,1504,7,1504,7,5,2005,2,red,1,good,good,1,1,5,0,0,2006,181000
2480,2.0,542.0,1398.0,1398,5,1398,6,5,1990,2,red,0,NA,good,2,1,7,0,0,1991,172000
1865,2.0,480.0,973.0,1082,6,1082,6,6,1969,1,red,0,NA,bad,3,1,1,0,0,1969,162500
2177,2.0,430.0,1125.0,1125,5,1125,5,5,2006,1,red,0,NA,bad,2,1,4,1,0,2007,155000
2142,2.0,576.0,864.0,864,5,864,5,5,1972,1,red,0,NA,amazing,3,1,9,0,0,2000,127000
2909,1.0,336.0,757.0,925,6,1475,5,6,1977,2,red,1,bad,bad,4,1,7,0,550,1977,127000
1523,1.0,369.0,644.0,672,6,1316,6,6,1926,1,red,1,good,bad,2,1,7,0,644,1950,145000
323,2.0,624.0,1430.0,1430,7,1430,5,5,2004,2,red,0,NA,good,3,1,3,0,0,2005,173500
184,1.0,416.0,686.0,966,7,1652,5,6,1915,2,red,0,NA,bad,4,1,6,0,686,1950,139000
2033,0.0,0.0,684.0,773,7,1355,6,7,1914,1,red,0,NA,good,3,1,3,1,582,2006,127000
1791,3.0,574.0,982.0,982,7,1977,7,5,2006,2,red,0,NA,good,3,1,7,1,995,2006,250000
1950,0.0,0.0,736.0,751,6,1534,5,9,1895,1,red,0,NA,good,3,1,7,1,783,1999,148000
1691,3.0,1040.0,1934.0,1943,8,2656,9,5,2007,2,red,1,good,amazing,3,1,12,1,713,2007,492000
2112,2.0,440.0,1314.0,1314,6,1314,6,5,2006,2,red,1,good,good,3,1,3,0,0,2006,176432
2700,2.0,394.0,0.0,1640,7,1640,5,5,1950,1,blue,1,good,bad,3,1,6,0,0,1950,131000
852,0.0,0.0,1040.0,1040,5,1040,5,5,1978,2,red,0,NA,bad,3,1,8,0,0,1978,124000
2840,1.0,280.0,686.0,686,7,1250,5,7,1918,1,red,0,NA,okay,3,1,7,1,564,1950,116000
2457,2.0,500.0,1660.0,1660,8,1660,8,5,2006,2,red,1,good,good,3,1,5,0,0,2006,290000
752,0.0,0.0,755.0,929,8,2229,6,6,1912,1,red,0,NA,bad,5,1,7,0,929,1950,104000
543,2.0,559.0,913.0,913,8,2122,7,5,1996,2,red,1,bad,good,4,1,4,1,1209,1997,220000
1170,2.0,484.0,1557.0,1557,5,1557,9,5,1999,2,red,1,bad,amazing,2,1,6,0,0,2000,305000
812,2.0,528.0,0.0,1120,12,2240,5,5,1979,2,red,0,NA,bad,6,2,6,0,1120,1979,142953
2497,1.0,288.0,912.0,941,6,941,5,6,1967,1,red,1,horrible,bad,3,1,6,0,0,1967,129200
1151,1.0,420.0,864.0,864,5,864,5,8,1961,1,red,1,bad,good,3,1,7,0,0,2007,135000
2284,2.0,528.0,1142.0,1142,6,1142,5,5,1976,1,red,1,horrible,bad,3,1,8,1,0,1976,134000
1445,1.0,328.0,985.0,985,6,985,5,8,1977,2,red,0,NA,bad,3,1,11,0,0,1977,149900
211,0.0,0.0,1212.0,1212,6,1392,5,4,1915,1,red,0,NA,bad,3,1,2,0,180,1950,100000
1683,1.0,360.0,988.0,988,5,988,5,6,1966,1,red,0,NA,bad,3,1,11,0,0,1966,129250
1911,2.0,432.0,793.0,1280,6,1280,5,6,1966,2,red,1,bad,bad,3,1,6,0,0,1966,175000
65,3.0,666.0,2033.0,2053,9,3238,8,5,1995,2,red,1,amazing,good,4,1,3,1,1185,1996,410000
876,2.0,451.0,1630.0,1630,6,1630,7,5,2000,2,red,1,bad,good,3,1,10,0,0,2001,213000
2903,1.0,270.0,0.0,1600,6,1600,1,3,1951,1,blue,0,NA,bad,3,1,5,1,0,1951,81500
1925,1.0,308.0,922.0,922,5,922,5,5,1957,1,blue,0,NA,bad,2,1,4,0,0,1957,116000
203,0.0,0.0,780.0,780,7,1560,6,8,1912,1,red,0,NA,good,3,1,5,1,780,2009,159900
1148,2.0,530.0,1199.0,1199,5,1199,6,5,1993,2,red,0,NA,good,2,1,3,0,0,1993,153900
1726,2.0,478.0,1405.0,1405,6,1405,7,5,2003,2,red,1,good,good,2,1,3,0,0,2003,200000
1036,2.0,576.0,864.0,864,5,864,5,5,1971,1,red,0,NA,bad,3,1,5,0,0,1971,123000
2665,1.0,312.0,1200.0,1200,7,1200,6,5,1923,1,blue,0,NA,bad,4,1,3,0,0,1950,125000
1041,1.0,352.0,483.0,483,5,987,6,6,1972,1,red,0,NA,bad,2,1,4,1,504,1972,100500
2558,2.0,441.0,1251.0,1433,7,1433,5,6,1961,1,red,1,good,bad,3,1,6,0,0,1990,161000
345,3.0,632.0,1008.0,1008,9,2283,8,5,2003,2,red,1,good,good,4,1,8,1,1275,2003,270000
2913,0.0,0.0,630.0,630,3,630,4,6,1970,1,red,0,NA,bad,1,1,4,0,0,1970,73000
888,2.0,440.0,690.0,698,6,1426,6,6,1977,1,red,0,NA,bad,3,1,7,1,728,1977,159500
1533,1.0,240.0,942.0,1265,7,1938,5,6,1937,2,red,1,good,good,4,1,7,0,673,1995,198000
1136,2.0,576.0,1114.0,1114,6,1114,6,5,2003,1,red,0,NA,good,3,1,7,0,0,2004,155000
376,2.0,441.0,1043.0,1539,9,2673,7,7,1980,2,red,1,bad,good,4,1,8,1,1134,1991,249000
580,2.0,615.0,1442.0,1442,6,1442,6,6,1970,2,red,1,bad,bad,2,1,2,0,0,1970,185000
957,3.0,912.0,1620.0,1620,6,1620,9,5,2007,2,red,1,amazing,amazing,2,1,9,0,0,2008,315500
212,1.0,231.0,600.0,600,5,919,6,5,1940,1,red,0,NA,bad,3,1,3,0,319,1950,95000
524,3.0,782.0,900.0,909,8,1795,8,5,2006,2,red,1,good,good,3,1,7,1,886,2006,270000
1499,2.0,525.0,547.0,1072,5,1072,6,5,2005,1,red,0,NA,bad,2,1,6,0,0,2005,148000
954,2.0,672.0,1582.0,1595,5,1595,5,5,1991,2,red,0,NA,bad,2,1,4,0,0,1991,152000
902,2.0,528.0,684.0,684,7,1196,6,8,1920,1,red,0,NA,good,3,1,8,0,512,2000,110000
1274,1.0,280.0,936.0,984,4,984,6,7,1954,1,blue,0,NA,bad,2,1,6,0,0,1954,112500
2535,1.0,288.0,1052.0,1052,5,1052,5,5,1968,1,red,0,NA,bad,3,1,11,1,0,1968,138500
1855,2.0,588.0,1360.0,1432,5,1432,5,7,1978,1,red,1,bad,good,2,1,6,1,0,1978,194000
2636,1.0,210.0,686.0,810,8,1328,4,4,1925,1,red,0,NA,bad,3,1,9,0,518,1950,107000
1347,2.0,468.0,952.0,1022,8,1774,7,5,1931,2,green,2,bad,bad,2,2,4,0,752,1950,129900
358,2.0,409.0,707.0,707,7,1516,6,5,1994,2,red,1,bad,good,3,1,7,1,809,1995,181316
2528,2.0,484.0,732.0,1012,8,1790,6,5,1972,1,red,1,bad,bad,4,1,11,2,778,1972,165150
96,2.0,480.0,600.0,600,4,1200,7,5,2004,2,red,0,NA,good,2,1,6,1,600,2005,151000
1698,3.0,866.0,1626.0,1634,7,1634,8,5,2006,2,red,1,good,good,3,1,5,0,0,2006,250000
2424,2.0,388.0,1365.0,1548,7,1548,7,5,2004,2,red,1,bad,good,2,1,9,0,0,2004,225000
593,1.0,312.0,864.0,864,5,864,5,6,1967,1,red,0,NA,bad,2,1,6,0,0,1967,130000
1907,2.0,400.0,928.0,928,10,1920,5,5,1948,2,blue,0,NA,bad,4,2,7,0,992,1950,137000
2705,2.0,459.0,1051.0,1382,6,1382,4,5,1963,1,red,1,horrible,bad,3,1,10,1,0,1979,148000
129,0.0,0.0,858.0,858,4,858,5,7,1958,1,red,0,NA,bad,2,1,2,0,0,2008,116500
517,2.0,529.0,1436.0,1436,6,1436,7,5,2008,2,red,0,NA,good,3,1,10,0,0,2009,225000
71,2.0,528.0,1468.0,1468,6,1468,6,5,2005,2,red,1,good,good,2,1,5,0,0,2005,271500
1664,2.0,484.0,725.0,725,7,1479,7,9,1972,1,red,0,NA,good,4,1,6,1,754,2004,184000
2842,1.0,440.0,795.0,954,10,2230,4,5,1912,1,red,0,NA,bad,5,1,3,0,795,1950,118500
1996,1.0,336.0,687.0,687,6,1358,5,7,1930,1,red,1,good,good,3,1,7,1,671,2005,124500
2332,3.0,716.0,1992.0,1992,11,2868,9,5,2005,3,red,1,good,amazing,4,1,7,1,876,2006,556581
1534,1.0,225.0,884.0,932,6,1374,5,4,1938,1,green,0,NA,bad,3,1,3,0,442,1950,110000
2551,1.0,240.0,816.0,816,4,816,6,8,1934,1,red,1,okay,bad,2,1,7,0,0,1950,129800
2496,1.0,288.0,912.0,1236,6,1236,5,7,1961,1,red,1,bad,bad,3,1,6,0,0,1994,135000
374,2.0,529.0,832.0,1154,8,2050,7,6,1978,2,red,1,bad,good,4,1,5,1,896,1978,154000
460,3.0,701.0,1712.0,1712,8,1712,8,5,2002,2,red,1,good,good,3,1,9,0,0,2003,286500
732,1.0,192.0,952.0,952,4,952,6,6,1916,1,green,1,good,okay,2,1,5,0,0,1950,121000
68,2.0,614.0,756.0,764,7,1547,7,5,2009,2,red,0,NA,good,3,1,6,1,783,2009,215200
2408,2.0,575.0,1666.0,1666,6,1666,9,5,2006,2,red,1,good,good,2,1,6,0,0,2006,310090
1286,2.0,400.0,780.0,948,6,1323,5,7,1948,1,red,0,NA,bad,3,1,7,0,375,2005,122600
2495,0.0,0.0,912.0,912,6,912,5,6,1964,1,red,0,NA,bad,3,1,4,0,0,1964,124000
894,1.0,320.0,876.0,876,5,876,4,5,1959,1,blue,0,NA,bad,3,1,3,0,0,1959,85000
1843,2.0,440.0,729.0,729,5,1458,6,5,1999,2,red,1,okay,bad,2,1,6,1,729,1999,176000
234,1.0,480.0,972.0,1052,8,1610,3,4,1938,2,blue,1,good,okay,4,1,6,0,558,1990,124000
381,2.0,479.0,1090.0,1370,6,1370,7,5,1976,2,red,1,bad,bad,3,1,6,0,0,1976,152000
2681,1.0,180.0,741.0,741,7,1324,5,7,1930,1,red,0,NA,good,3,1,2,0,583,1984,110000
875,2.0,573.0,1212.0,1212,6,1212,7,5,2001,2,red,0,NA,good,3,1,6,0,0,2001,178000
436,3.0,640.0,1508.0,1508,10,2520,8,5,2007,2,red,1,good,amazing,5,1,6,1,1012,2007,409900
1792,3.0,859.0,1302.0,1302,7,1830,8,5,2006,2,red,0,NA,good,3,1,3,1,528,2006,221300
1702,2.0,728.0,1582.0,1582,7,2152,8,5,2007,2,red,1,good,good,3,1,6,1,570,2008,260116
1824,2.0,686.0,1040.0,1040,5,1040,5,7,1968,1,red,0,NA,bad,3,1,6,1,0,1968,145000
1009,2.0,462.0,1337.0,1337,5,1337,8,5,1989,2,red,1,bad,good,2,1,4,0,0,1989,188500
304,2.0,528.0,698.0,698,6,1128,4,4,1920,1,blue,0,NA,bad,2,1,4,0,430,1950,68400
1951,1.0,216.0,691.0,691,4,691,5,6,1920,1,blue,0,NA,amazing,2,1,1,0,0,1950,86000
1401,2.0,439.0,1385.0,1363,5,1363,7,7,1954,1,red,2,bad,bad,2,1,4,0,0,2005,241500
1620,2.0,499.0,1494.0,1652,6,1652,8,5,2000,2,red,0,NA,amazing,2,1,8,0,0,2000,251000
1159,2.0,530.0,1391.0,1391,5,1391,7,5,2004,2,red,0,NA,good,2,1,7,0,0,2004,196000
2053,1.0,264.0,1040.0,1040,6,1040,5,4,1966,1,red,0,NA,bad,3,1,2,0,0,1966,123000
172,2.0,360.0,1008.0,1028,5,1028,5,6,1927,1,blue,1,good,bad,2,1,3,0,0,1950,115000
1708,3.0,872.0,1136.0,1136,10,2468,8,5,2004,2,red,1,good,good,4,1,6,1,1332,2004,354000
2438,2.0,431.0,930.0,956,10,1886,7,5,1998,2,red,1,bad,good,4,1,7,1,930,1999,199900
1264,1.0,401.0,1081.0,1081,5,1081,6,6,1960,1,red,0,NA,bad,3,1,6,0,0,1993,148000
827,2.0,662.0,1282.0,1290,6,1290,7,5,2007,2,red,1,good,good,2,1,5,0,0,2007,200000
208,1.0,349.0,1032.0,1207,10,2403,7,7,1940,2,red,2,bad,bad,4,1,6,0,1196,1950,244400
221,1.0,270.0,1060.0,1060,6,1060,5,8,1968,1,red,1,bad,good,3,1,5,0,0,2001,154000
963,2.0,440.0,712.0,1375,7,2237,6,8,1980,2,red,1,bad,good,3,1,2,1,862,2006,204000
16,2.0,492.0,559.0,1080,8,1752,8,7,1988,2,red,0,NA,bad,4,1,6,0,672,2005,164000
2225,2.0,462.0,516.0,529,5,1045,6,6,1980,1,red,1,bad,bad,2,1,12,0,516,1980,123900
371,2.0,435.0,1362.0,1586,7,1586,6,5,1979,2,red,1,bad,bad,3,1,1,0,0,1998,181000
1429,2.0,438.0,1182.0,1643,6,1643,6,6,1966,2,red,1,good,bad,2,1,3,0,0,1966,195000
1144,2.0,506.0,836.0,844,7,1737,7,5,1992,2,red,0,NA,good,3,1,5,1,893,1992,175000
897,0.0,0.0,864.0,864,4,864,5,8,1922,1,red,0,NA,bad,2,1,7,0,0,1950,99900
1340,1.0,355.0,565.0,565,6,1216,5,7,1920,1,red,1,good,bad,3,1,4,0,651,1997,115000
1411,0.0,0.0,864.0,864,4,864,5,5,1975,1,red,0,NA,bad,2,1,4,0,0,1975,99600
2625,2.0,400.0,0.0,1040,6,1040,3,4,1949,2,blue,0,NA,bad,2,2,5,0,0,1950,87500
2740,1.0,288.0,1057.0,1057,6,1057,5,8,1955,1,red,0,NA,good,3,1,3,0,0,1999,137000
2817,2.0,528.0,1466.0,1466,6,1466,5,4,1959,1,red,2,good,okay,3,1,11,1,0,1959,149900
2563,1.0,234.0,704.0,1024,7,1728,5,6,1949,1,blue,1,good,bad,3,1,7,1,704,1973,137000
2397,3.0,925.0,1792.0,1792,6,1792,9,5,2005,2,red,1,good,good,2,1,3,0,0,2006,372397
1832,2.0,750.0,1453.0,1453,9,2810,8,5,1990,2,red,1,amazing,good,4,1,6,1,1357,1990,302000
398,2.0,660.0,864.0,864,5,864,4,6,1970,1,red,0,NA,good,3,1,11,0,0,1970,120500
2152,2.0,560.0,1531.0,1531,7,2439,8,5,2001,2,red,1,bad,good,4,1,1,1,908,2001,275000
1653,2.0,550.0,539.0,1040,6,1725,7,6,1979,2,red,1,bad,bad,3,1,11,1,685,1979,197000
999,2.0,682.0,1593.0,1593,5,1593,8,5,2001,1,red,1,good,amazing,0,1,8,1,0,2002,286000
546,2.0,528.0,816.0,833,6,1730,6,6,1992,2,red,0,NA,good,3,1,11,1,897,1992,171500
814,2.0,400.0,0.0,1513,8,1513,5,5,1979,2,red,0,NA,bad,4,2,6,0,0,1979,113722
681,1.0,294.0,1029.0,1339,6,1339,5,6,1958,1,red,0,NA,bad,3,1,5,0,0,1965,139000
410,2.0,440.0,855.0,855,7,1456,6,6,1976,2,red,1,bad,bad,3,1,7,1,601,1976,148500
1482,2.0,420.0,848.0,848,3,848,6,5,2004,1,red,1,bad,good,1,1,5,0,0,2004,141000
1909,1.0,312.0,728.0,888,7,1644,5,7,1942,1,red,2,good,good,3,1,6,1,756,1995,146500
556,2.0,732.0,864.0,864,5,864,5,6,1961,1,red,0,NA,bad,3,1,6,0,0,1961,141000
366,3.0,1166.0,2216.0,2234,9,2234,9,5,2008,2,red,1,good,amazing,1,1,7,0,0,2009,501837
553,2.0,360.0,784.0,784,5,784,6,3,1928,1,blue,0,NA,bad,2,1,10,0,0,1950,76000
985,2.0,480.0,796.0,796,5,1362,5,5,1993,1,red,0,NA,bad,1,1,10,1,566,1995,143000
2324,2.0,420.0,697.0,697,6,1501,6,5,1993,2,red,1,bad,good,3,1,5,1,804,1994,165600
38,3.0,606.0,1930.0,1940,8,1940,9,5,2009,2,red,1,good,amazing,3,1,4,1,0,2010,395192
955,2.0,525.0,819.0,1344,7,1344,6,6,1958,1,blue,1,good,good,3,1,1,0,0,1958,137500
81,2.0,476.0,650.0,888,7,1564,6,6,1980,2,red,1,bad,bad,3,1,4,1,676,1981,171000
1821,1.0,264.0,999.0,999,6,999,5,7,1962,1,red,0,NA,good,3,1,3,0,0,2001,132500
798,1.0,296.0,755.0,755,7,1510,4,5,1940,1,red,1,good,bad,4,1,10,0,755,1950,108000
2751,2.0,632.0,1208.0,1208,6,1208,7,5,2005,2,red,0,NA,good,2,1,2,0,0,2005,183600
890,1.0,352.0,1041.0,1125,6,1125,6,6,1976,1,red,1,okay,bad,3,1,10,0,0,1976,125000
359,2.0,430.0,1181.0,1190,6,1190,6,5,1993,2,red,1,bad,good,3,1,11,0,0,1993,166000
1705,3.0,789.0,1582.0,1610,8,2161,8,5,2007,1,red,1,good,amazing,3,1,11,1,551,2007,325624
1588,4.0,784.0,1344.0,1344,8,1344,7,5,1997,2,red,0,NA,bad,2,2,11,0,0,1998,209200
1319,1.0,288.0,572.0,572,5,1111,7,7,1926,1,red,1,good,bad,2,1,8,0,539,1950,116900
2872,1.0,215.0,976.0,976,5,976,5,6,1942,1,red,0,NA,bad,2,1,8,0,0,1950,102000
2336,3.0,641.0,1410.0,1426,10,2945,10,5,2006,3,red,1,good,good,3,1,10,1,1519,2006,438780
2760,2.0,638.0,945.0,945,8,1809,7,5,2005,2,red,0,NA,good,3,1,5,1,864,2006,209700
2103,3.0,868.0,1482.0,1482,10,2574,8,5,2007,2,red,1,good,amazing,3,1,11,1,1092,2007,276000
646,1.0,288.0,1008.0,1363,6,1363,5,7,1951,1,red,2,bad,bad,2,1,6,0,0,2000,164900
1854,2.0,546.0,2002.0,2362,8,2362,7,6,1980,2,red,1,bad,good,3,1,3,1,0,1980,255000
558,1.0,288.0,1024.0,1020,5,1020,5,5,1965,2,red,0,NA,bad,3,1,5,0,0,1965,124100
2765,2.0,540.0,938.0,988,4,988,6,5,1969,1,red,2,bad,bad,1,1,10,0,0,1969,180000
697,0.0,0.0,504.0,764,7,1464,5,8,1910,2,red,0,NA,bad,3,1,3,0,700,2002,129000
2186,0.0,0.0,1195.0,1195,8,1195,5,6,1946,2,red,0,NA,bad,4,2,7,0,0,1950,98500
2592,3.0,1008.0,2171.0,1392,10,2640,5,5,1925,2,red,1,good,bad,5,1,7,1,1248,1975,180000
2435,2.0,393.0,783.0,807,8,1509,7,5,2003,2,red,1,good,good,3,1,7,1,702,2003,180000
653,1.0,240.0,972.0,972,5,972,6,6,1948,1,red,1,good,bad,2,1,5,0,0,2002,132000
2554,1.0,305.0,747.0,774,5,1230,4,7,1946,1,red,0,NA,bad,3,1,8,1,456,1950,121600
2702,1.0,260.0,0.0,1032,6,1032,5,7,1935,1,red,1,bad,bad,2,1,6,0,0,1950,125000
1239,2.0,433.0,1261.0,1261,6,1261,6,6,1958,1,red,1,bad,bad,3,1,11,0,0,1958,163000
424,2.0,840.0,1652.0,1652,6,1652,9,5,2006,2,red,2,amazing,amazing,2,1,11,0,0,2007,325000
597,2.0,495.0,1232.0,1320,5,1320,6,5,1971,2,red,1,good,bad,3,1,5,0,0,1971,172500
563,3.0,864.0,2014.0,2014,6,2014,8,8,1980,2,red,2,good,good,2,1,4,0,0,1980,275000
343,2.0,538.0,1952.0,2000,9,2704,8,7,1972,2,red,3,bad,amazing,4,1,7,1,704,1995,345000
2344,2.0,539.0,795.0,1468,9,2263,7,7,1977,2,red,1,bad,good,3,1,3,1,795,1994,235000
1105,3.0,839.0,2109.0,2113,7,2113,8,6,1995,2,red,1,bad,good,2,1,8,1,0,1995,350000
2617,2.0,441.0,1438.0,1900,9,2448,7,8,1962,3,red,2,good,bad,3,1,9,0,548,1998,277500
710,1.0,273.0,190.0,886,4,886,5,8,1938,1,blue,0,NA,bad,2,1,12,0,0,1996,91300
2513,2.0,496.0,530.0,530,4,1080,7,5,2003,2,red,0,NA,good,2,1,7,1,550,2003,139000
2080,1.0,399.0,864.0,864,6,864,5,5,1958,1,red,0,NA,bad,3,1,5,0,0,1958,118000
2147,2.0,527.0,1459.0,1459,6,1459,7,5,2002,2,red,1,good,good,3,1,9,0,0,2002,192000
2343,3.0,786.0,1204.0,1377,9,2183,7,5,1988,2,red,0,NA,good,4,1,2,1,806,1988,229000
1467,2.0,493.0,915.0,933,8,1908,7,5,1994,2,red,1,bad,good,4,1,7,1,975,1995,210000
2871,2.0,540.0,1844.0,1844,7,1844,6,5,1969,2,red,1,bad,good,3,1,12,0,0,1969,223000
975,1.0,286.0,630.0,630,3,630,4,8,1970,1,red,0,NA,good,1,1,5,0,0,2002,86000
1281,2.0,442.0,780.0,798,7,1611,6,6,1964,1,red,0,NA,bad,4,1,6,1,813,1964,167900
1180,2.0,473.0,1719.0,1719,6,1719,8,5,1993,1,red,2,good,good,1,1,5,1,0,1993,324000
375,2.0,484.0,1427.0,1671,7,1671,6,6,1978,2,red,1,bad,bad,3,1,8,0,0,1986,200000
2599,1.0,280.0,448.0,448,5,720,4,8,1900,1,red,0,NA,okay,1,1,3,0,272,1998,86900
1984,1.0,252.0,570.0,761,6,1141,4,6,1900,1,red,0,NA,bad,3,1,5,0,380,1950,85000
1994,2.0,468.0,926.0,991,6,1650,6,8,1910,2,red,0,NA,bad,3,1,11,0,659,1990,144100
1519,1.0,312.0,1228.0,1424,7,1424,7,8,1921,2,red,1,good,bad,2,1,4,0,0,1950,168000
1604,1.0,264.0,816.0,816,5,816,5,9,1982,1,red,1,amazing,good,3,1,10,0,0,2008,130500
1723,2.0,556.0,1561.0,1561,6,1561,9,5,2005,2,red,1,good,amazing,2,1,8,0,0,2005,277500
1510,1.0,300.0,816.0,872,8,1393,5,7,1955,1,red,0,NA,bad,3,1,4,1,521,1955,135500
504,3.0,711.0,1629.0,1686,8,2448,8,7,1994,2,red,1,bad,good,4,1,7,1,762,2005,402000
147,2.0,440.0,1244.0,1580,6,1580,6,5,1959,1,red,2,good,bad,3,1,6,1,0,1959,159500
261,1.0,308.0,894.0,894,5,894,5,6,1976,1,red,0,NA,bad,3,1,2,0,0,1976,128200
779,1.0,336.0,825.0,2071,9,2071,5,5,1956,1,red,1,bad,bad,4,1,10,1,0,1956,165000
13,2.0,506.0,1300.0,1341,5,1341,7,5,1990,1,red,1,horrible,good,2,1,2,1,0,1990,171500
639,2.0,884.0,1362.0,1382,6,1382,6,5,1962,1,red,1,bad,bad,3,1,5,0,0,1962,176000
2088,1.0,252.0,0.0,1340,7,1340,5,6,1957,1,red,1,good,bad,3,1,6,0,0,2006,120000
1315,2.0,360.0,689.0,689,7,1378,7,9,1928,2,red,1,good,good,3,1,10,0,689,2005,161000
114,2.0,496.0,980.0,980,7,1714,7,5,1988,2,red,1,bad,bad,3,1,3,1,734,1988,196500
1623,2.0,420.0,691.0,691,6,1553,7,5,1996,2,red,0,NA,good,3,1,8,1,862,1996,178750
972,2.0,402.0,1224.0,1224,5,1224,6,5,1999,2,red,0,NA,bad,2,1,6,0,0,1999,165000
2770,2.0,473.0,781.0,795,6,1499,6,5,1995,2,red,1,bad,good,3,1,8,1,704,1995,187000
244,2.0,476.0,741.0,977,7,1732,6,5,1985,2,red,1,bad,good,3,1,6,1,755,1985,178000
545,2.0,527.0,1454.0,1434,6,1434,7,5,2001,2,red,1,bad,good,3,1,4,0,0,2001,189000
1377,1.0,384.0,1040.0,1040,5,1040,5,5,1965,1,red,0,NA,bad,3,1,2,0,0,1965,129500
1800,3.0,826.0,1656.0,1656,7,1656,8,5,2006,2,red,0,NA,good,3,1,7,0,0,2006,249700
683,1.0,288.0,528.0,1183,6,1183,5,5,1959,1,red,0,NA,bad,3,1,7,0,0,1959,138000
2922,2.0,560.0,1728.0,1728,8,1728,5,5,1976,2,red,0,NA,bad,4,2,7,0,0,1976,188000
56,2.0,433.0,847.0,847,7,1733,7,5,2004,2,red,1,good,good,3,1,4,1,886,2004,185088
1268,2.0,420.0,0.0,1048,7,1048,5,5,1950,1,red,0,NA,bad,3,1,7,0,0,1950,98300
2809,2.0,572.0,784.0,784,6,1611,7,5,2005,2,red,0,NA,good,3,1,3,1,827,2005,195800
439,3.0,856.0,1713.0,1713,7,1713,8,5,2004,2,red,1,good,amazing,3,1,1,0,0,2005,274900
2202,1.0,228.0,585.0,851,7,1436,6,7,1921,1,red,1,good,bad,3,1,4,0,585,1950,141500
2060,1.0,386.0,955.0,955,6,955,5,7,1966,1,red,0,NA,bad,3,1,1,0,0,1966,127000
2853,1.0,288.0,818.0,818,7,1636,7,8,1919,1,red,1,good,good,4,1,9,1,818,1950,167000
155,2.0,490.0,1086.0,1086,6,1086,5,7,1954,1,red,0,NA,bad,3,1,5,0,0,2003,144900
2926,2.0,484.0,864.0,902,5,902,5,5,1983,1,red,0,NA,bad,2,1,6,0,0,1983,131000
1384,2.0,506.0,1060.0,1126,5,1126,5,5,1984,1,red,0,NA,bad,2,1,3,0,0,1984,152000
1031,2.0,439.0,1176.0,1178,5,1178,5,6,1973,1,red,1,okay,good,3,1,11,1,0,2000,157000
60,3.0,962.0,1629.0,1645,7,2475,8,5,1998,2,red,1,bad,good,4,1,1,1,830,1998,355000
29,1.0,264.0,483.0,483,5,987,6,5,1971,1,red,0,NA,bad,2,1,2,1,504,1971,96000
792,1.0,234.0,672.0,672,4,672,4,6,1941,1,red,0,NA,bad,2,1,8,0,0,1950,113000
35,2.0,440.0,855.0,855,7,1456,6,5,1978,2,red,1,bad,bad,3,1,7,1,601,1978,146000
2818,2.0,396.0,836.0,1220,6,1220,4,5,1951,1,green,0,NA,bad,2,1,4,0,0,1951,102000
1469,2.0,420.0,848.0,848,3,848,6,5,2004,1,red,0,NA,good,1,1,2,0,0,2004,145000
1187,2.0,512.0,1740.0,1740,8,1740,6,5,1968,1,red,1,bad,bad,4,1,10,1,0,1968,150000
1679,2.0,440.0,765.0,765,6,1365,5,5,1971,1,red,0,NA,bad,2,1,8,1,600,1971,122500
1331,0.0,0.0,784.0,784,5,784,5,6,1924,1,red,0,NA,good,2,1,5,0,0,1950,109500
1076,2.0,550.0,1342.0,1342,6,1342,8,5,2006,2,red,1,good,good,2,1,2,0,0,2007,219500
362,2.0,400.0,1158.0,1167,6,1167,6,6,1992,2,red,0,NA,good,3,1,7,0,0,1992,173000
1139,2.0,525.0,754.0,754,6,1609,6,5,1995,2,red,0,NA,good,3,1,4,1,855,1995,182000
503,2.0,623.0,1173.0,1215,8,2232,8,5,1993,2,red,1,bad,good,3,1,10,1,1017,1994,263550
2579,1.0,353.0,1124.0,1124,6,1124,6,6,1956,1,red,1,bad,bad,3,1,5,0,0,1994,153000
2692,0.0,0.0,610.0,819,4,819,5,4,1919,1,blue,0,NA,good,2,1,9,0,0,1950,72000
528,3.0,711.0,1652.0,1662,8,1662,7,5,2006,2,red,1,good,amazing,3,1,3,0,0,2007,291000
1216,2.0,528.0,1252.0,1252,7,1252,6,6,1959,1,red,0,NA,good,3,1,10,0,0,1959,142000
744,1.0,264.0,960.0,995,5,995,5,6,1925,1,red,0,NA,bad,2,1,3,0,0,1999,115000
50,2.0,474.0,764.0,764,6,1626,7,5,2003,2,red,0,NA,good,2,1,6,1,862,2003,175500
268,2.0,420.0,848.0,848,4,848,6,5,2003,1,red,0,NA,good,1,1,4,0,0,2003,143750
2282,4.0,1356.0,1249.0,1622,7,1622,4,4,1961,1,red,1,bad,bad,3,1,3,0,0,1975,168000
1614,2.0,621.0,2217.0,2217,8,2217,8,6,1970,2,red,1,bad,good,4,1,10,0,0,1970,268000
1693,3.0,878.0,1994.0,2046,7,2046,10,5,2005,2,red,2,good,amazing,2,1,8,1,0,2006,450000
1336,1.0,208.0,862.0,950,5,1158,6,7,1929,1,red,1,good,bad,3,1,7,0,208,1950,120000
1545,1.0,240.0,720.0,760,5,1090,6,8,1940,1,red,0,NA,bad,3,1,7,0,330,2006,120000
1960,1.0,357.0,864.0,1238,6,1238,5,3,1950,1,blue,1,bad,bad,3,1,11,1,0,1950,102000
2300,2.0,502.0,1090.0,1178,6,1178,5,6,1976,1,red,0,NA,bad,3,1,6,1,0,2003,135000
2099,3.0,894.0,2140.0,2140,8,2140,8,5,2006,2,red,0,NA,good,3,1,6,1,0,2007,360000
2021,1.0,408.0,1100.0,1100,8,2264,6,8,1918,2,blue,0,NA,bad,4,1,5,1,1164,1995,200000
340,2.0,616.0,1152.0,1152,7,1797,6,5,1993,2,red,1,okay,good,3,1,3,1,645,1994,231000
552,1.0,294.0,721.0,841,4,841,4,4,1950,1,red,0,NA,bad,2,1,9,0,0,1950,82000
2425,2.0,438.0,1248.0,1248,5,1248,7,5,2005,2,red,0,NA,good,2,1,3,0,0,2006,167240
1172,2.0,462.0,600.0,624,4,1252,7,5,1999,2,red,0,NA,good,2,1,3,1,628,2000,160000
900,1.0,313.0,1150.0,1560,7,1560,5,5,1956,1,red,1,bad,bad,2,1,5,0,0,1956,103500
1750,2.0,440.0,840.0,840,7,1720,7,5,2004,2,red,1,good,good,3,1,5,1,880,2004,183500
2852,0.0,0.0,1008.0,1008,7,1522,5,5,1926,2,red,0,NA,bad,4,1,6,0,0,1950,102000
498,3.0,676.0,1225.0,1276,8,2612,8,5,1998,2,red,1,bad,good,4,1,7,1,1336,1999,336000
584,2.0,497.0,723.0,735,6,1395,6,6,1972,1,red,1,bad,bad,3,1,12,1,660,1972,162000
2094,2.0,575.0,807.0,1175,7,1982,7,6,1989,2,red,1,bad,good,3,1,1,1,807,1989,228500
2249,2.0,484.0,1084.0,1080,5,1080,6,5,1983,1,red,0,NA,bad,3,1,6,1,0,1983,134000
435,3.0,932.0,1782.0,1782,7,1782,8,5,2004,2,red,2,good,good,3,1,4,0,0,2005,296000
1205,1.0,352.0,907.0,907,5,907,4,6,1957,1,red,0,NA,bad,3,1,7,0,0,1957,109008
1245,1.0,240.0,720.0,882,4,882,5,6,1952,1,blue,0,NA,good,2,1,5,0,0,1952,116000
2403,2.0,484.0,1364.0,1364,6,1364,7,5,2005,2,red,1,good,good,2,1,6,0,0,2005,185850
2401,2.0,736.0,1058.0,1058,8,1904,8,5,2005,2,red,1,good,amazing,3,1,6,1,846,2005,275000
214,2.0,450.0,856.0,936,7,1680,5,7,1910,2,red,1,good,bad,2,2,6,0,744,1950,114900
2229,2.0,484.0,2035.0,2515,9,2515,6,3,1957,3,red,2,bad,bad,4,2,3,0,0,1975,200624
1080,3.0,644.0,1415.0,1455,6,1455,7,5,2003,2,red,1,bad,good,2,1,8,0,0,2003,195000
1261,2.0,372.0,912.0,1044,5,1044,5,6,1968,1,red,1,okay,bad,3,1,6,1,0,1968,139000
75,1.0,264.0,923.0,923,5,923,6,5,1980,2,red,1,bad,bad,2,1,5,0,0,1980,143000
2348,2.0,482.0,945.0,945,8,1857,7,5,1978,2,red,1,bad,bad,4,1,7,1,912,1978,188900
1778,3.0,754.0,1485.0,1464,6,1464,8,5,2007,2,red,0,NA,good,3,1,8,0,0,2007,282922
1333,1.0,200.0,554.0,736,6,1290,6,9,1900,1,red,0,NA,bad,3,1,4,1,554,2000,106900
2661,1.0,352.0,540.0,889,6,1440,5,4,1900,1,blue,0,NA,bad,3,1,4,0,551,1950,79000
1046,2.0,440.0,1069.0,1069,4,1069,6,6,1977,2,red,0,NA,bad,2,1,10,0,0,1977,140000
2556,2.0,528.0,600.0,747,5,747,4,5,1926,1,red,0,NA,bad,1,1,6,0,0,1953,79900
250,2.0,632.0,1187.0,1208,6,1208,7,5,2006,2,red,0,NA,good,2,1,2,0,0,2006,206000
1624,2.0,402.0,1237.0,1253,6,1253,7,5,1995,2,red,1,bad,bad,3,1,6,0,0,1996,176000
1709,3.0,818.0,1317.0,1217,7,2385,8,5,2003,2,red,1,good,good,3,1,1,1,1168,2003,350000
2127,2.0,684.0,824.0,905,7,1786,6,5,1997,2,red,0,NA,good,3,1,5,1,881,1997,204750
1527,1.0,160.0,768.0,790,4,790,6,5,1930,1,red,0,NA,bad,2,1,4,0,0,1950,91000
186,0.0,0.0,840.0,1128,12,2256,5,3,1910,2,green,0,NA,okay,4,2,6,0,1128,1950,76500
2067,1.0,224.0,680.0,798,6,1302,7,8,1940,1,blue,2,good,good,2,1,7,1,504,1998,165250
672,1.0,756.0,992.0,1306,5,1306,5,7,1957,1,red,0,NA,bad,2,1,5,0,0,2000,153000
2529,2.0,477.0,1334.0,1334,7,1334,7,6,1967,2,red,0,NA,bad,3,1,4,0,0,1967,164500
1358,1.0,228.0,796.0,825,7,1609,6,8,1910,1,red,0,NA,bad,3,1,6,0,784,1950,127500
8,2.0,608.0,1595.0,1616,5,1616,8,5,1995,2,red,1,bad,good,2,1,3,0,0,1996,236500
1991,1.0,250.0,702.0,842,6,1472,5,8,1925,1,red,0,NA,good,3,1,7,0,630,1994,125000
1651,2.0,564.0,1032.0,1032,6,1032,6,6,1978,2,red,1,bad,bad,3,1,7,0,0,1978,148000
2077,2.0,527.0,1288.0,2422,6,2422,6,7,1954,3,red,2,good,good,4,1,7,0,0,1994,255000
1091,2.0,484.0,1350.0,1358,6,1358,7,6,2007,2,red,1,good,good,2,1,11,0,0,2008,217300
2013,2.0,528.0,861.0,861,6,1409,6,5,1938,1,red,1,good,bad,3,1,3,1,548,1950,126000
635,1.0,297.0,1215.0,1215,6,1215,6,7,1958,1,blue,0,NA,bad,3,1,6,0,0,1998,155000
296,2.0,567.0,1902.0,1902,7,1902,7,8,1959,2,red,2,bad,amazing,3,1,5,0,0,2002,335000
1811,2.0,492.0,864.0,920,7,1820,6,5,1993,2,red,0,NA,good,3,1,5,1,900,1997,191750
2156,2.0,420.0,848.0,848,3,848,6,5,2003,1,red,0,NA,good,1,1,11,0,0,2003,131500
1684,3.0,730.0,1790.0,1816,7,1816,9,5,2006,2,red,1,good,amazing,3,1,8,0,0,2007,356000
1121,2.0,529.0,1372.0,1372,6,1372,7,5,2007,2,red,0,NA,good,3,1,5,0,0,2008,250580
32,2.0,440.0,1069.0,1069,4,1069,6,5,1977,2,red,1,okay,bad,2,1,7,0,0,1977,127500
134,1.0,315.0,1080.0,1128,5,1128,6,8,1966,1,red,1,good,good,2,1,1,0,0,2008,178000
1140,2.0,474.0,886.0,886,7,1680,6,5,1993,2,red,0,NA,good,3,1,10,1,794,1994,163000
449,3.0,730.0,1082.0,1105,10,2400,8,5,2003,3,red,1,good,good,4,1,6,1,1295,2004,290000
2881,0.0,0.0,660.0,1060,8,1396,5,6,1951,2,red,0,NA,bad,4,2,10,0,336,1951,115000
229,2.0,690.0,1420.0,1483,4,1483,7,7,1977,1,red,2,bad,bad,1,1,4,1,0,2001,270000
468,3.0,660.0,1373.0,1555,7,1555,7,5,2007,2,red,1,bad,good,2,1,6,0,0,2007,174000
459,2.0,539.0,1451.0,1456,6,1456,9,5,2008,2,red,1,good,amazing,2,1,4,0,0,2008,248500
2632,2.0,528.0,1045.0,1045,6,1045,7,6,1962,1,red,0,NA,bad,3,1,3,0,0,1962,120000
2898,2.0,470.0,1381.0,1403,5,1403,6,5,2000,2,red,0,NA,good,2,1,10,0,0,2000,202000
2086,1.0,253.0,1080.0,1080,7,1480,5,6,1951,1,red,1,good,bad,4,1,7,0,400,1994,136500
1014,2.0,557.0,1710.0,1710,6,1710,9,5,2007,2,red,1,good,amazing,2,1,7,0,0,2007,334000
2083,0.0,0.0,528.0,605,5,605,4,7,1920,1,red,0,NA,bad,2,1,7,0,0,2002,86000
1710,3.0,656.0,1181.0,1234,10,2374,8,5,2003,2,red,1,good,amazing,4,1,5,1,1140,2004,285000
2272,2.0,452.0,1122.0,1146,10,2486,7,5,2003,3,red,1,good,good,5,1,7,1,1340,2004,279900
1839,2.0,528.0,1550.0,1550,5,1550,8,5,2006,2,red,0,NA,good,2,1,7,1,0,2007,207500
761,1.0,220.0,560.0,704,4,704,4,9,1946,1,blue,0,NA,okay,2,1,9,0,0,2001,88750
2849,1.0,312.0,624.0,743,6,1479,7,8,1926,1,red,2,good,good,3,1,5,0,736,1997,160000
2325,2.0,462.0,935.0,955,8,1632,7,5,1998,2,red,1,bad,bad,3,1,6,1,677,1998,176500
537,3.0,845.0,1512.0,1512,6,1512,8,5,2004,2,red,0,NA,good,3,1,1,0,0,2004,203000
246,4.0,1017.0,946.0,964,8,1802,6,7,1993,2,red,1,good,good,3,1,5,1,838,1993,218000
2440,3.0,617.0,1035.0,1082,8,2322,7,5,2006,3,red,0,NA,good,4,1,8,1,1240,2006,287602
405,1.0,288.0,483.0,483,5,987,6,6,1972,1,red,0,NA,bad,2,1,7,1,504,1972,97000
1522,2.0,480.0,960.0,960,10,1920,6,7,1930,2,red,2,good,bad,4,2,7,2,960,1950,161900
589,2.0,520.0,908.0,1316,8,2288,7,7,1977,1,red,2,bad,good,4,1,11,2,972,1992,230000
247,2.0,574.0,1050.0,1062,8,1949,7,5,1993,2,red,1,bad,good,3,1,6,1,887,1994,236000
2200,1.0,240.0,731.0,981,7,1768,5,7,1937,1,red,2,bad,good,3,1,6,1,787,1950,175000
2664,2.0,576.0,596.0,998,8,1762,7,7,1920,1,red,0,NA,good,4,1,10,1,764,1950,157000
1362,2.0,400.0,880.0,880,6,1308,5,6,1915,2,red,0,NA,bad,2,1,4,0,428,1978,120000
1528,1.0,180.0,798.0,798,7,1512,8,9,1925,2,red,1,good,good,3,1,6,0,714,1997,231000
454,2.0,484.0,1350.0,1358,6,1358,7,5,2007,2,red,1,good,good,2,1,5,0,0,2008,212500
1243,1.0,288.0,1080.0,1080,5,1080,6,7,1958,1,red,0,NA,bad,3,1,6,0,0,1958,136000
1198,2.0,464.0,825.0,845,7,1670,7,6,1971,1,red,0,NA,bad,4,1,5,1,825,1971,170000
2295,2.0,531.0,716.0,716,6,1432,5,7,1977,1,red,1,good,bad,3,1,6,1,716,1977,157000
2270,2.0,571.0,1491.0,1491,7,1491,6,5,1996,2,red,1,bad,bad,3,1,11,0,0,1996,178000
288,1.0,308.0,1026.0,1026,6,1691,5,6,1924,2,red,1,good,good,3,1,5,0,665,1950,127000
475,2.0,390.0,1010.0,1010,8,2267,6,5,2002,2,red,1,bad,good,4,1,12,1,1257,2002,200000
2138,1.0,308.0,876.0,907,5,907,5,4,1977,1,red,0,NA,bad,3,1,1,0,0,1977,130000
1666,1.0,368.0,914.0,914,5,914,5,5,1970,1,red,0,NA,amazing,3,1,10,0,0,2002,133000
2119,2.0,747.0,1022.0,1022,6,1022,5,5,1994,1,red,0,NA,bad,3,1,8,0,0,1994,139500
2668,2.0,624.0,960.0,960,5,960,5,5,1958,1,red,0,NA,bad,3,1,7,0,0,1958,125000
2895,2.0,551.0,1112.0,1137,5,1137,6,6,1987,2,red,1,bad,good,2,1,7,0,0,1987,176000
1703,3.0,852.0,1143.0,1143,9,2473,8,5,2004,2,red,1,good,good,4,1,10,1,1330,2005,317000
2880,1.0,308.0,480.0,480,4,480,2,3,1949,0,blue,0,NA,bad,1,1,10,0,0,1950,35311
308,2.0,525.0,1594.0,1646,5,1646,8,5,2004,2,red,1,good,good,2,1,5,0,0,2005,246000
1817,2.0,630.0,0.0,2020,10,2020,5,5,1977,2,red,2,bad,bad,4,2,10,0,0,1977,144000
884,2.0,520.0,0.0,1126,5,1126,4,5,1949,2,red,0,NA,good,2,1,5,0,0,2003,108000
2885,2.0,576.0,1625.0,1625,6,1625,6,6,1979,2,red,1,bad,okay,3,1,9,0,0,1979,242500
1863,2.0,412.0,912.0,1152,7,1152,6,6,1968,1,red,0,NA,bad,3,1,9,1,0,1968,143450
615,1.0,352.0,709.0,979,5,1203,5,4,1950,1,red,1,bad,good,3,1,7,0,224,1950,110000
2002,1.0,160.0,912.0,912,6,1248,5,5,1930,1,blue,0,NA,bad,2,1,3,0,336,1950,87000
1430,2.0,603.0,616.0,616,8,1688,6,5,1997,2,red,0,NA,good,4,1,5,1,1072,1997,200000
430,3.0,900.0,2006.0,2020,9,2020,10,5,2009,2,red,1,good,amazing,3,1,9,1,0,2009,402861
1200,2.0,540.0,901.0,943,8,1876,6,6,1974,2,red,1,bad,good,4,1,7,1,933,1974,185000
2846,1.0,240.0,940.0,1192,6,1595,6,5,1940,1,red,2,good,bad,2,1,6,0,403,2000,140000
1856,2.0,528.0,1437.0,1437,6,1437,5,8,1976,2,red,1,okay,good,3,1,7,0,0,2004,218000
2259,2.0,433.0,1689.0,1689,7,1689,7,5,2006,2,red,0,NA,good,3,1,4,0,0,2007,231713
1029,2.0,473.0,1444.0,1444,5,1444,6,5,1976,2,red,1,good,bad,2,1,4,0,0,1976,159900
2887,2.0,490.0,1491.0,1491,7,1491,8,5,2001,2,red,0,NA,good,3,1,5,0,0,2001,209000
1733,2.0,388.0,1326.0,1326,6,1326,6,5,2005,2,red,0,NA,good,3,1,6,0,0,2005,203000
2285,1.0,253.0,546.0,546,5,1092,4,4,1972,1,red,0,NA,bad,3,1,5,1,546,1972,85500
2326,2.0,461.0,1191.0,1204,5,1204,8,5,1987,2,red,0,NA,bad,2,1,8,0,0,1987,130000
2043,1.0,264.0,771.0,866,6,1484,4,1,1910,2,red,0,NA,bad,3,1,9,0,504,1950,50000
2047,1.0,240.0,672.0,778,4,1282,5,6,1942,1,red,0,NA,bad,2,1,7,0,504,1979,108500
2433,2.0,433.0,848.0,848,7,1598,7,5,2004,2,red,1,good,good,3,1,7,1,750,2005,201490
1699,3.0,908.0,1976.0,1976,7,1976,8,5,2006,2,red,1,amazing,good,2,1,7,0,0,2007,440000
2027,1.0,216.0,714.0,1664,10,2526,6,7,1916,2,red,1,good,good,5,1,8,0,862,1950,136000
682,1.0,240.0,732.0,732,4,732,5,7,1952,1,red,0,NA,bad,2,1,9,0,0,1952,118900
1059,4.0,1150.0,1620.0,1632,10,2790,10,5,2005,2,red,1,amazing,amazing,4,1,6,1,1158,2006,460000
2878,1.0,570.0,637.0,897,7,1336,4,6,1920,1,red,0,NA,bad,3,1,9,1,439,1950,108000
958,2.0,650.0,846.0,846,6,1692,7,5,2009,2,red,0,NA,good,3,1,7,1,846,2009,224500
1234,1.0,260.0,1098.0,1098,6,1098,5,7,1955,1,red,0,NA,bad,3,1,7,0,0,1955,135000
1806,0.0,0.0,1100.0,1100,6,1100,6,5,2006,1,red,0,NA,bad,3,1,6,1,0,2007,146000
1525,1.0,308.0,840.0,840,8,1680,6,7,1915,2,red,0,NA,bad,4,1,3,0,840,1976,177000
1081,3.0,668.0,1393.0,1576,7,1576,7,5,2004,2,red,1,bad,good,2,1,5,0,0,2004,219990
2567,2.0,480.0,1235.0,1235,6,1235,5,3,1961,1,red,0,NA,bad,2,1,12,0,0,1961,98600
1622,2.0,451.0,923.0,947,7,1714,6,5,1999,2,red,1,bad,bad,3,1,4,1,767,2000,180000
2472,0.0,0.0,1131.0,1131,6,1131,6,5,2005,1,red,0,NA,good,3,1,3,1,0,2006,132000
2577,1.0,300.0,1058.0,1370,6,1370,5,6,1956,1,red,1,bad,bad,3,1,2,0,0,1956,148000
49,2.0,484.0,1370.0,1370,6,1370,8,5,2006,2,red,1,good,good,2,1,4,0,0,2006,205000
1758,2.0,442.0,915.0,940,7,1690,6,5,2000,2,red,1,bad,bad,3,1,6,1,750,2000,187000
544,2.0,620.0,1844.0,1844,7,1844,8,5,2005,2,red,1,good,good,2,1,9,0,0,2006,257000
1697,3.0,694.0,2153.0,2069,9,2643,9,5,2006,2,red,1,good,amazing,3,1,3,1,574,2006,380000
1776,3.0,852.0,1542.0,1542,6,1542,8,5,2007,2,red,1,good,good,3,1,7,0,0,2007,260261
110,2.0,535.0,1829.0,1829,8,1829,6,6,1967,2,red,0,NA,bad,4,1,5,0,0,1967,218500
1660,2.0,585.0,1228.0,1324,5,1324,7,6,1976,2,red,1,okay,good,3,1,2,0,0,1976,174000
2116,2.0,501.0,1580.0,1079,9,1953,6,5,1992,2,red,2,okay,good,3,1,6,1,874,1992,240000
514,2.0,644.0,900.0,932,7,1852,7,5,2009,2,red,1,bad,good,3,1,7,1,920,2009,252678
1642,3.0,724.0,1742.0,2042,8,2042,10,5,2006,2,red,1,good,amazing,3,1,10,0,0,2007,455000
2341,3.0,722.0,1910.0,2000,8,2000,9,5,2005,2,red,2,good,amazing,3,1,9,1,0,2005,470000
2017,1.0,180.0,939.0,939,8,1513,5,8,1920,1,red,0,NA,bad,4,1,5,1,574,2004,137500
44,3.0,820.0,2330.0,2364,11,2364,9,5,2009,2,red,2,good,amazing,2,1,3,1,0,2010,611657
1131,0.0,0.0,1080.0,1080,6,1080,7,5,2004,1,red,0,NA,good,3,1,4,0,0,2005,141000
1287,1.0,330.0,680.0,680,6,1360,5,5,1910,1,red,0,NA,bad,2,1,1,0,680,2003,111000
238,1.0,209.0,756.0,1169,8,1531,4,6,1947,1,red,1,bad,bad,3,1,6,0,0,1979,127000
1346,2.0,576.0,1100.0,1226,7,1902,5,5,1923,2,red,0,NA,bad,4,1,10,0,676,1950,123500
1748,2.0,434.0,847.0,847,8,1959,7,5,2004,2,red,1,good,good,4,1,7,1,1112,2005,215000
1636,3.0,729.0,1149.0,1164,10,2541,8,5,2005,3,red,1,good,amazing,4,1,7,1,1377,2005,349265
2727,2.0,667.0,1304.0,1304,7,2287,7,4,1953,2,red,1,bad,bad,3,1,7,0,983,1953,225000
78,1.0,264.0,744.0,752,4,752,6,5,1984,1,red,0,NA,bad,2,1,2,0,0,1984,125000
2091,3.0,746.0,700.0,1122,8,2243,7,5,1990,2,red,1,bad,good,4,1,6,1,1121,1991,225000
272,2.0,494.0,1414.0,1414,6,1414,7,5,2004,2,red,0,NA,good,3,1,5,0,0,2004,185500
2012,1.0,240.0,884.0,884,5,884,5,7,1939,1,red,0,NA,bad,2,1,7,0,0,1950,113000
839,2.0,539.0,1463.0,1463,5,1463,7,5,1998,2,red,0,NA,bad,3,1,12,0,0,1998,207000
317,2.0,400.0,384.0,744,7,1444,5,5,2006,2,red,0,NA,bad,3,1,4,1,700,2007,174000
2741,1.0,325.0,994.0,1216,7,1855,6,4,1954,2,red,0,NA,bad,4,1,10,0,639,1972,136900
1328,1.0,252.0,672.0,1195,8,1668,7,7,1945,1,red,0,NA,good,3,1,8,1,473,1950,108000
1374,2.0,680.0,0.0,1120,7,1588,4,4,1959,2,red,1,good,bad,4,1,7,0,468,1959,134432
1593,2.0,499.0,1040.0,1040,6,1040,5,6,1975,1,red,0,NA,bad,3,1,6,0,0,1975,124000
924,1.0,186.0,731.0,820,7,1343,5,6,1921,1,red,1,good,bad,3,1,7,1,523,1950,154900
2275,3.0,932.0,1824.0,1824,8,1824,10,5,2006,2,red,1,good,amazing,3,1,9,0,0,2007,392000
1453,2.0,534.0,1777.0,1795,7,1795,8,5,2002,2,red,1,good,good,3,1,9,0,0,2002,230000
701,2.0,400.0,960.0,960,10,1960,5,5,1952,2,red,0,NA,bad,4,2,7,0,1000,1952,124500
342,2.0,528.0,1434.0,1434,7,1434,6,5,1974,2,red,1,good,bad,4,1,6,0,0,1974,157000
470,2.0,430.0,1373.0,1555,7,1555,7,5,2005,2,red,1,bad,good,2,1,5,0,0,2006,192500
1034,2.0,460.0,1054.0,1054,6,1054,6,8,1969,1,red,0,NA,bad,3,1,7,1,0,1969,151000
367,3.0,834.0,2046.0,2046,7,2046,8,5,2008,2,red,1,good,good,3,1,7,1,0,2008,372500
877,2.0,420.0,848.0,848,4,848,6,5,2003,1,red,0,NA,good,1,1,6,0,0,2004,144000
1872,2.0,528.0,1242.0,1242,6,1242,7,6,1973,1,red,1,bad,bad,3,1,9,1,0,1973,175500
2743,1.0,308.0,980.0,1148,6,1148,5,7,1952,1,blue,0,NA,bad,2,1,9,0,0,1952,123500
1366,2.0,720.0,825.0,825,4,825,5,7,1955,1,red,0,NA,bad,2,1,6,0,0,1995,125000
1383,1.0,270.0,1073.0,1073,6,1073,5,5,1967,1,red,0,NA,bad,3,1,3,0,0,1967,120000
2490,1.0,310.0,984.0,984,5,984,5,5,1965,1,red,0,NA,bad,3,1,7,0,0,1965,126000
1788,2.0,474.0,1496.0,1496,7,1496,8,5,2007,2,red,0,NA,good,3,1,6,0,0,2007,225000
2390,2.0,521.0,1606.0,1625,8,2091,9,5,2005,2,red,1,good,amazing,3,1,5,1,466,2006,338500
1110,3.0,830.0,1580.0,1580,7,1580,8,5,2007,2,red,0,NA,good,3,1,6,0,0,2008,235128
2419,2.0,437.0,1220.0,1364,6,1364,7,5,2006,2,red,1,good,good,2,1,11,0,0,2006,210250
2875,1.0,272.0,641.0,641,4,641,4,6,1925,1,red,0,NA,okay,2,1,3,0,0,1950,85000
1551,1.0,360.0,520.0,912,5,912,5,7,1930,1,blue,0,NA,bad,2,1,5,0,0,1995,99500
1049,1.0,264.0,864.0,892,5,892,5,5,1966,1,red,0,NA,bad,3,1,10,0,0,1966,110000
689,1.0,264.0,1045.0,1045,6,1045,6,6,1963,1,red,1,okay,bad,3,1,4,0,0,1963,127000
1443,2.0,608.0,920.0,920,6,1786,7,5,2001,2,red,1,bad,good,3,1,9,1,866,2002,223500
1556,1.0,195.0,356.0,671,5,1049,4,7,1910,1,blue,0,NA,bad,2,1,5,0,378,2000,80900
832,2.0,569.0,1518.0,1644,5,1644,7,5,1989,2,red,1,bad,good,2,1,8,0,0,1989,275000
793,1.0,252.0,1089.0,1089,5,1089,5,6,1954,1,red,1,good,bad,3,1,9,0,0,1954,125000
83,2.0,539.0,0.0,1318,8,1902,6,5,1978,2,red,0,NA,bad,4,2,4,0,584,1978,112000
79,2.0,457.0,996.0,1014,7,1744,7,7,1993,2,red,0,NA,good,3,1,2,1,730,2003,194500
1332,1.0,240.0,672.0,832,6,1210,5,7,1941,1,red,0,NA,good,3,1,5,0,378,2006,124000
1795,2.0,590.0,896.0,896,8,1792,8,5,2007,2,red,0,NA,good,3,1,11,1,896,2007,255000
1104,3.0,751.0,1242.0,1251,9,2501,8,7,1995,2,red,1,bad,good,4,1,6,1,1250,1995,290000
666,3.0,907.0,1248.0,1248,12,2544,6,5,1969,2,red,0,NA,bad,6,2,8,2,1296,1969,190000
1462,2.0,779.0,1128.0,1149,9,2290,8,5,2002,2,red,1,good,good,4,1,5,1,1141,2002,255900
2858,1.0,318.0,817.0,940,7,1550,6,5,1920,1,green,1,bad,bad,3,1,9,1,610,1950,195000
933,2.0,462.0,561.0,561,5,1229,6,6,1980,1,red,1,bad,good,2,1,10,1,668,1992,137000
1463,2.0,543.0,884.0,884,8,1768,7,5,2003,2,red,0,NA,good,3,1,7,1,884,2003,224900
2371,1.0,264.0,525.0,525,6,1092,6,5,1972,1,red,0,NA,bad,3,1,10,1,567,1972,108000
2240,1.0,282.0,910.0,910,6,1558,5,5,1950,1,blue,0,NA,bad,4,1,6,1,648,1950,152000
2082,0.0,0.0,1440.0,1440,8,1440,4,3,1977,2,red,0,NA,bad,4,2,8,0,0,1977,150000
205,2.0,516.0,816.0,816,5,816,5,5,1963,1,red,0,NA,bad,2,1,5,0,0,1963,110000
332,1.0,286.0,546.0,546,5,1092,4,6,1972,1,red,0,NA,bad,3,1,6,1,546,1972,85500
821,3.0,846.0,1720.0,1720,8,1720,9,5,2008,2,red,1,good,amazing,3,1,11,0,0,2008,332000
1537,3.0,1014.0,728.0,1968,11,3447,8,9,1935,3,red,2,good,good,4,1,5,1,1479,1997,381000
1212,2.0,502.0,1219.0,1265,6,1265,5,8,1965,2,red,1,good,good,3,1,10,0,0,1999,179900
1073,2.0,564.0,1684.0,1684,6,1684,9,5,2005,2,red,1,amazing,amazing,2,1,7,0,0,2005,266000
549,2.0,495.0,754.0,754,6,1540,7,5,1994,2,red,0,NA,good,3,1,10,1,786,1994,184000
532,2.0,628.0,812.0,812,6,1653,7,5,2003,2,red,0,NA,good,3,1,3,1,841,2003,209000
1299,1.0,250.0,789.0,789,5,789,5,5,1948,1,red,0,NA,bad,2,1,4,0,0,1950,115000
660,2.0,528.0,1313.0,1313,8,2377,4,5,1915,2,red,1,bad,good,3,1,6,0,0,1950,142900
2731,2.0,445.0,1453.0,1453,6,1453,7,5,1986,1,red,1,bad,good,2,1,12,1,0,1986,190000
1953,1.0,240.0,920.0,888,5,888,5,7,1961,1,red,0,NA,bad,3,1,2,0,0,1961,120000
1465,2.0,595.0,798.0,798,6,1640,7,5,2003,2,red,0,NA,good,3,1,6,1,842,2003,183000
2777,2.0,586.0,951.0,951,7,1779,7,5,1999,2,red,1,bad,good,3,1,9,1,828,2000,217000
871,2.0,523.0,1822.0,1828,7,1828,8,5,2002,2,red,1,good,good,3,1,6,0,0,2003,279500
1833,2.0,541.0,1683.0,2129,9,2872,8,5,1992,2,red,1,bad,good,4,1,4,1,743,2000,285000
2111,2.0,578.0,879.0,879,7,1795,7,5,2005,2,red,0,NA,good,3,1,10,1,916,2006,191000
2391,3.0,736.0,1175.0,1182,11,2324,9,5,2005,3,red,2,good,amazing,4,1,7,0,1142,2006,345000
2137,2.0,748.0,1040.0,1040,5,1040,5,5,1977,1,red,0,NA,bad,3,1,1,1,0,1977,134900
857,1.0,252.0,1268.0,1268,5,1268,5,7,1977,1,red,0,NA,good,3,1,10,1,0,1989,143500
846,2.0,493.0,831.0,831,7,1660,7,5,2002,2,red,0,NA,good,3,1,7,1,829,2002,195000
892,2.0,525.0,547.0,1072,5,1072,6,5,2005,1,red,0,NA,bad,2,1,4,0,0,2006,145500
1643,2.0,467.0,1440.0,1440,7,1440,6,7,1981,2,red,1,bad,good,3,1,4,0,0,1981,182900
1779,2.0,484.0,1524.0,1534,7,1534,8,5,2006,2,red,1,good,good,3,1,1,0,0,2006,215000
1880,1.0,286.0,978.0,1422,6,1422,5,5,1960,1,red,1,bad,bad,3,1,8,0,0,1978,139900
2090,2.0,719.0,910.0,1442,6,1442,7,5,1990,2,red,1,bad,good,3,1,5,0,0,1991,179900
216,0.0,0.0,1832.0,1832,8,1832,4,3,1967,2,red,0,NA,bad,4,2,5,0,0,1967,136000
2576,2.0,488.0,1121.0,1336,7,1336,6,6,1958,1,blue,1,bad,bad,3,1,12,1,0,1958,162000
131,1.0,280.0,1056.0,1063,6,1063,5,5,1954,1,red,0,NA,bad,3,1,2,0,0,1954,128000
443,3.0,862.0,1836.0,1836,7,1836,8,5,2004,2,red,1,good,good,3,1,3,0,0,2005,280000
2500,3.0,888.0,1334.0,1520,9,2826,8,5,1992,2,red,3,bad,good,3,1,10,1,1306,1993,334000
1638,3.0,828.0,1100.0,1424,7,1424,5,5,1969,1,red,0,NA,bad,3,1,11,1,0,1990,155000
866,3.0,736.0,1440.0,1476,8,2153,9,5,2000,2,red,2,amazing,amazing,3,1,5,1,677,2000,313000
452,2.0,624.0,1306.0,1306,5,1306,6,5,2005,2,red,1,good,good,1,1,8,0,0,2005,196000
2612,2.0,539.0,655.0,1194,6,1194,6,6,1959,1,red,1,okay,bad,3,1,7,0,0,1959,159500
2353,2.0,541.0,960.0,960,8,2318,7,5,2005,2,red,1,amazing,good,3,1,6,1,1358,2006,294323
2375,1.0,288.0,864.0,900,6,900,5,5,1967,1,red,1,horrible,bad,3,1,12,0,0,1967,123000
1756,2.0,400.0,384.0,774,8,1430,7,5,2000,2,red,1,bad,bad,3,1,12,1,656,2000,170000
103,2.0,496.0,530.0,530,4,1080,7,5,2003,2,red,0,NA,good,2,1,6,1,550,2003,147110
527,2.0,517.0,1836.0,1836,8,1836,8,5,2008,2,red,1,good,good,3,1,10,0,0,2009,264500
1118,3.0,880.0,955.0,955,8,1874,8,5,2007,2,red,1,good,good,3,1,2,1,919,2008,297900
1851,2.0,552.0,1054.0,1072,8,2048,8,5,2003,2,red,2,good,good,3,1,8,1,976,2004,301000
1438,2.0,527.0,880.0,880,8,1724,7,5,1998,2,red,0,NA,good,3,1,7,1,844,1999,188000
165,2.0,440.0,1116.0,1116,5,1116,6,6,1962,1,red,0,NA,bad,3,1,2,1,0,1962,160000
2508,2.0,480.0,600.0,520,4,1223,7,5,2005,2,red,0,NA,good,2,1,7,1,623,2005,149900
920,1.0,213.0,771.0,753,7,1494,6,7,1942,1,red,2,good,good,3,1,11,0,741,1950,177500
2459,2.0,510.0,1504.0,1504,7,1504,8,5,2006,2,red,0,NA,good,3,1,9,0,0,2006,199000
1890,2.0,440.0,1174.0,1200,6,1200,7,6,1966,2,red,1,bad,bad,3,1,10,0,0,1966,163500
2183,1.0,392.0,960.0,960,4,960,5,7,1959,1,red,0,NA,okay,2,1,12,0,0,2000,131750
1771,3.0,752.0,1318.0,1328,9,2531,8,5,1995,2,red,1,bad,good,4,1,11,1,1203,1995,290000
399,2.0,463.0,864.0,864,5,864,4,7,1970,1,red,0,NA,bad,3,1,7,0,0,1970,124500
629,1.0,368.0,715.0,1281,7,1738,4,4,1920,2,red,1,good,bad,4,1,6,0,457,2007,104900
699,1.0,432.0,994.0,1378,11,2372,5,4,1892,2,red,0,NA,bad,4,2,12,0,994,1965,107500
962,2.0,576.0,1392.0,1412,6,1412,6,5,1988,2,red,1,bad,good,3,1,3,0,0,1988,175000
771,1.0,668.0,1052.0,1052,6,1052,5,6,1967,1,red,1,horrible,bad,3,1,4,1,0,1967,113500
1406,2.0,360.0,907.0,1307,10,2358,6,8,1908,3,red,1,good,bad,5,1,9,0,1051,1997,240000
2524,2.0,487.0,570.0,1222,8,1920,7,6,1968,3,red,1,bad,good,4,1,9,0,698,1992,170000
1424,3.0,864.0,1615.0,1615,7,1615,8,5,2007,2,red,1,good,good,3,1,5,0,0,2007,248500
649,1.0,616.0,0.0,1210,7,1210,5,5,1953,1,blue,0,NA,bad,2,1,8,1,0,1953,102900
2722,1.0,322.0,872.0,872,5,872,5,5,1924,1,green,1,good,okay,2,1,4,0,0,1950,105000
2244,1.0,216.0,837.0,1001,5,1001,5,9,1930,1,red,0,NA,good,2,1,11,0,0,2007,124900
2867,2.0,470.0,1073.0,1811,6,1811,6,7,1956,1,red,1,good,amazing,2,1,7,0,0,2004,230000
1913,1.0,275.0,912.0,912,5,912,5,5,1958,1,blue,0,NA,bad,2,1,7,0,0,1958,114500
781,1.0,304.0,1104.0,1104,8,1788,4,5,1957,1,blue,2,bad,bad,5,1,11,0,684,1989,161500
2873,2.0,506.0,861.0,861,6,1285,6,7,1926,1,red,0,NA,bad,3,1,5,0,424,1950,145400
51,2.0,430.0,1324.0,1324,6,1324,6,5,2005,2,red,0,NA,good,3,1,1,0,0,2005,199500
1398,2.0,431.0,1291.0,1291,6,1291,6,5,1996,1,red,1,good,good,2,1,11,0,0,1997,173000
1137,2.0,520.0,798.0,798,6,1640,6,5,2004,2,red,0,NA,good,3,1,12,1,842,2004,173000
2676,1.0,240.0,896.0,896,7,1344,5,4,1936,1,blue,0,NA,bad,3,1,4,0,448,1950,115000
1050,3.0,774.0,1932.0,1932,7,1932,8,5,2008,2,red,1,good,amazing,2,1,11,0,0,2008,394617
2507,2.0,480.0,600.0,520,4,1223,7,5,2005,2,red,0,NA,good,2,1,7,1,623,2005,147400
111,2.0,660.0,1280.0,1280,9,2495,6,5,1993,2,red,1,bad,good,4,1,3,1,1215,1993,243500
183,1.0,288.0,930.0,930,7,1566,8,9,1900,2,red,0,NA,good,3,1,4,0,636,2003,150000
617,2.0,550.0,1680.0,1691,5,1691,6,5,1967,1,red,0,NA,bad,2,1,4,0,0,1967,175000
2221,1.0,240.0,800.0,960,6,1740,7,6,1940,1,red,2,good,bad,3,1,7,1,780,1984,219500
1735,2.0,436.0,1302.0,1302,6,1302,7,5,2007,2,red,0,NA,good,3,1,8,0,0,2007,176485
1586,2.0,520.0,1884.0,1728,7,1728,8,5,2007,2,red,1,good,good,3,1,1,0,0,2007,298751
2832,2.0,380.0,976.0,976,7,1708,7,5,2004,2,red,0,NA,good,3,1,4,0,732,2004,130000
1740,2.0,462.0,1246.0,1258,6,1258,7,6,2007,2,red,0,NA,good,3,1,8,0,0,2007,173500
1194,2.0,576.0,912.0,925,5,925,5,7,1965,1,red,0,NA,bad,3,1,7,0,0,2005,135000
401,2.0,576.0,864.0,864,5,864,4,7,1971,1,red,0,NA,bad,3,1,7,0,0,2006,130000
1309,1.0,288.0,624.0,730,7,1450,7,8,1920,1,red,0,NA,bad,3,1,3,0,720,1965,132000
1659,2.0,550.0,793.0,1142,7,1935,7,7,1976,2,red,1,bad,bad,3,1,11,1,793,1976,197900
2526,2.0,776.0,708.0,708,7,1416,6,6,1968,2,red,1,bad,bad,3,1,5,1,708,1968,179900
1773,2.0,517.0,1105.0,1105,9,2202,8,5,1992,2,red,1,bad,good,4,1,9,1,1097,1993,263000
2120,1.0,299.0,990.0,990,5,990,5,5,1994,1,red,0,NA,bad,3,1,4,0,0,1994,126000
2488,2.0,576.0,864.0,1211,6,1211,5,6,1962,1,red,1,bad,bad,2,1,3,0,0,2002,144000
575,2.0,484.0,1226.0,1226,4,1226,8,5,1981,1,red,2,bad,good,1,1,9,0,0,1981,211500
2927,0.0,0.0,912.0,970,6,970,5,5,1992,1,red,0,NA,bad,3,1,7,0,0,1992,132000
2585,2.0,400.0,216.0,1575,5,1575,6,6,1951,1,red,1,good,good,2,1,6,1,0,1951,155000
2252,2.0,506.0,1454.0,1478,6,1478,7,5,1991,2,red,1,bad,bad,3,1,5,0,0,1992,210000
1561,2.0,482.0,1594.0,1646,5,1646,7,5,2004,2,red,1,good,amazing,2,1,7,0,0,2005,250000
2915,1.0,336.0,1104.0,1360,8,1360,5,5,1969,1,red,1,bad,bad,3,1,5,0,0,1979,140000
1905,2.0,540.0,816.0,1127,9,1977,6,6,1964,1,red,1,bad,bad,4,1,6,1,850,1978,165000
360,2.0,389.0,808.0,808,7,1593,6,5,1992,2,red,1,bad,bad,3,1,12,1,785,1993,178000
612,2.0,368.0,1208.0,1576,7,1576,6,6,1961,1,red,1,horrible,good,4,1,9,0,0,1961,174500
242,2.0,504.0,1250.0,1298,5,1298,5,3,1964,2,red,0,NA,bad,3,1,6,0,0,1964,114000
2844,1.0,275.0,616.0,1055,5,1273,4,7,1910,1,red,0,NA,good,3,1,9,0,218,1993,121000
2471,2.0,612.0,1400.0,1400,6,1400,7,5,2005,2,red,0,NA,good,3,1,10,0,0,2006,186800
1844,2.0,440.0,756.0,756,4,1512,6,5,2000,2,red,1,bad,good,2,1,6,1,756,2000,168500
378,2.0,479.0,1140.0,1707,7,1707,6,5,1978,2,red,1,bad,bad,3,1,5,0,0,1998,184000
2768,2.0,576.0,870.0,914,5,914,5,5,1996,1,red,0,NA,bad,2,1,7,0,0,1996,148000
1969,2.0,440.0,822.0,1020,7,1851,6,8,1964,2,red,1,okay,good,3,1,7,1,831,1993,187000
1343,1.0,164.0,0.0,808,6,808,5,6,1945,1,red,0,NA,bad,1,1,6,0,0,1995,81300
1141,2.0,575.0,1408.0,1679,7,1679,6,5,1994,2,red,1,okay,good,3,1,10,0,0,1998,193500
1554,1.0,185.0,173.0,825,6,1361,4,7,1895,1,red,0,NA,bad,2,1,7,0,536,1950,89000
2369,1.0,264.0,672.0,672,7,1218,6,7,1972,1,red,0,NA,bad,3,1,5,1,546,1972,118000
736,1.0,280.0,780.0,825,6,1412,6,6,1939,1,green,1,good,bad,4,1,5,0,587,1950,132500
1414,0.0,0.0,1117.0,820,5,1347,5,7,1910,1,red,0,NA,bad,3,1,1,0,527,1991,107500
2621,2.0,625.0,0.0,1040,5,1040,5,7,1950,1,green,0,NA,bad,2,1,6,0,0,1950,109500
1431,2.0,528.0,990.0,990,5,990,5,7,1994,1,red,0,NA,bad,3,1,8,0,0,1994,155000
2674,2.0,410.0,793.0,793,5,1118,5,7,1939,1,red,1,good,bad,3,1,5,0,325,1950,119900
386,2.0,565.0,972.0,972,7,1811,8,5,2002,2,red,1,good,good,3,1,10,1,839,2002,235000
1529,1.0,240.0,1064.0,1166,6,1639,6,5,1936,1,blue,0,NA,bad,3,1,3,0,0,1950,115000
2582,1.0,286.0,1050.0,1050,6,1050,6,8,1954,1,red,0,NA,good,3,1,6,0,0,2000,156000
1342,1.0,336.0,704.0,624,6,1136,4,7,1929,1,red,0,NA,bad,2,1,8,0,512,1950,123000
2475,2.0,462.0,891.0,891,8,1686,7,5,2005,2,red,0,NA,good,3,1,4,1,795,2005,184000
1249,2.0,840.0,952.0,952,4,952,5,7,1951,1,red,0,NA,bad,2,1,6,0,0,1951,139000
2251,2.0,576.0,1409.0,1409,4,1409,7,5,2002,1,red,1,good,good,1,1,7,1,0,2002,245000
685,1.0,384.0,832.0,832,6,1461,4,7,1949,2,green,0,NA,bad,4,1,8,0,629,1996,133500
2245,2.0,495.0,1573.0,1625,5,1625,8,5,2006,2,red,1,good,good,2,1,10,0,0,2007,375000
1292,2.0,484.0,1362.0,1362,6,2082,7,5,2003,2,red,0,NA,good,3,1,6,1,720,2003,200000
123,2.0,484.0,1152.0,1152,6,1152,5,7,1964,1,red,1,good,bad,3,1,4,0,0,1964,180500
664,2.0,576.0,720.0,846,4,846,5,7,1920,1,red,0,NA,good,2,1,6,0,0,1950,106000
1826,1.0,288.0,876.0,902,6,902,5,6,1967,1,red,0,NA,bad,3,1,8,0,0,1967,125500
1992,2.0,480.0,616.0,616,6,1232,5,7,1910,1,red,0,NA,bad,3,1,6,0,616,1950,114000
2566,2.0,441.0,1246.0,1246,6,1246,6,5,1964,1,red,2,good,bad,3,1,11,0,0,1964,172000
233,2.0,522.0,1117.0,1117,8,1981,6,5,1978,2,red,1,bad,good,4,1,5,1,864,1992,230000
914,2.0,576.0,560.0,575,6,1135,7,9,1936,1,red,0,NA,good,3,1,4,0,560,2007,155000
2484,1.0,300.0,828.0,965,6,965,5,5,1965,1,red,0,NA,bad,3,1,7,0,0,1965,119900
775,2.0,528.0,840.0,860,4,860,5,6,1982,1,red,0,NA,bad,2,1,7,0,0,1982,137000
2383,3.0,874.0,1721.0,1740,8,1740,7,5,2006,2,red,0,NA,good,4,1,9,0,0,2006,293000
2399,3.0,874.0,1792.0,1792,6,1792,9,5,2003,2,red,1,good,amazing,2,1,8,0,0,2004,374000
2366,1.0,264.0,483.0,483,5,987,6,5,1973,1,red,0,NA,bad,2,1,6,1,504,1973,83000
1775,2.0,605.0,1369.0,1369,5,1369,7,6,2007,2,red,0,NA,good,3,1,9,0,0,2007,213133
797,1.0,280.0,560.0,698,6,1258,6,5,1939,1,red,0,NA,bad,2,1,10,0,560,1950,105000
2184,0.0,0.0,0.0,1152,6,1152,4,3,1955,2,red,0,NA,okay,2,2,9,0,0,1955,61500
2590,3.0,791.0,929.0,2039,7,2039,7,5,1941,1,red,3,good,bad,3,1,12,1,0,1963,167000
2311,2.0,642.0,964.0,993,8,2236,7,5,1997,2,red,1,bad,good,4,1,11,1,1243,1997,222000
425,3.0,890.0,1566.0,1600,7,1600,8,5,2007,2,red,1,good,good,3,1,7,0,0,2007,256300
2413,2.0,426.0,654.0,664,7,1496,7,5,2006,2,red,1,good,good,3,1,9,1,832,2006,179665
1904,1.0,308.0,808.0,808,5,808,5,8,1958,1,red,0,NA,bad,2,1,7,0,0,2000,112000
2172,2.0,622.0,1179.0,1179,5,1179,6,6,1960,1,red,0,NA,bad,2,1,6,0,0,1960,110000
808,2.0,528.0,1086.0,1224,6,1224,5,5,1979,0,red,2,bad,bad,2,2,6,2,0,1979,153337
1900,2.0,512.0,822.0,908,4,908,5,7,1940,1,red,0,NA,bad,2,1,10,0,0,1996,138500
2040,2.0,660.0,720.0,854,7,1382,5,6,1941,1,red,0,NA,bad,2,1,5,1,0,1950,128500
630,1.0,286.0,1169.0,1144,6,1144,5,7,1956,1,red,0,NA,bad,3,1,6,0,0,1956,150000
499,3.0,889.0,1264.0,1277,7,2344,7,5,1996,2,red,1,bad,good,3,1,7,1,1067,1997,265000
2412,2.0,440.0,738.0,738,8,1492,7,5,2006,2,red,0,NA,good,3,1,9,1,754,2006,169985
1645,2.0,477.0,585.0,1140,7,1868,6,7,1984,3,red,1,bad,bad,3,1,1,1,728,2003,178000
1812,2.0,539.0,1349.0,1349,6,1349,7,5,2000,2,red,0,NA,bad,3,1,12,0,0,2001,179000
1921,1.0,260.0,1056.0,1056,6,1056,5,7,1954,1,red,0,NA,bad,3,1,7,0,0,2005,139400
800,2.0,576.0,520.0,1338,5,1338,6,5,1983,1,red,1,horrible,good,2,1,9,1,0,1983,156500
2546,2.0,430.0,1008.0,1488,7,1488,6,6,1964,1,red,1,good,bad,3,1,4,1,0,1964,167000
2752,2.0,632.0,1199.0,1220,6,1220,7,5,2006,2,red,0,NA,good,2,1,7,0,0,2006,194000
2364,2.0,440.0,525.0,525,6,1092,6,5,1973,1,red,0,NA,bad,3,1,12,1,567,1973,105500
421,3.0,754.0,1776.0,1794,10,2772,9,5,2007,3,red,3,good,amazing,4,1,6,1,978,2007,462000
750,1.0,164.0,910.0,916,7,1826,7,8,1915,1,red,1,good,amazing,4,1,6,1,910,2005,155000
2161,2.0,639.0,939.0,939,8,1797,7,5,2006,2,red,0,NA,good,3,1,4,1,858,2006,213500
1230,2.0,456.0,1144.0,1144,6,1144,5,6,1961,1,red,0,NA,bad,3,1,9,0,0,1961,139950
496,3.0,810.0,1455.0,1466,10,2687,8,5,2000,2,red,2,bad,good,4,1,9,1,1221,2000,327000
1941,1.0,420.0,924.0,924,6,924,5,5,1952,1,red,0,NA,bad,2,1,6,0,0,1952,112500
1185,2.0,530.0,1304.0,1682,7,1682,7,6,1970,2,red,1,good,bad,3,1,5,0,0,1970,174000
1364,1.0,384.0,768.0,788,6,1236,6,6,1925,2,red,1,good,bad,3,1,8,0,448,1950,127000
837,2.0,470.0,928.0,928,7,1764,6,5,1997,2,red,0,NA,good,3,1,8,1,836,1997,231500
2428,3.0,648.0,1520.0,1567,7,1567,8,5,2006,2,red,1,good,amazing,1,1,10,0,0,2006,264561
2334,3.0,736.0,1850.0,1850,11,2698,10,5,2006,2,red,1,good,amazing,4,1,7,1,848,2006,535000
1507,1.0,286.0,911.0,930,5,930,4,5,1953,1,red,0,NA,bad,2,1,5,0,0,1953,99000
2786,2.0,552.0,894.0,894,5,894,5,7,1972,1,red,0,NA,bad,3,1,7,0,0,1972,149900
2607,2.0,484.0,1024.0,1086,6,1086,5,5,1966,1,red,1,good,bad,3,1,6,0,0,1966,159950
1039,1.0,264.0,483.0,483,5,987,6,5,1973,1,red,0,NA,bad,2,1,2,1,504,1973,103400
596,2.0,498.0,1165.0,1165,8,2061,7,5,1974,2,red,1,bad,bad,4,1,5,1,896,1974,168500
2491,1.0,294.0,882.0,909,5,909,5,6,1968,1,red,0,NA,bad,3,1,11,0,0,1968,116000
2734,1.0,230.0,896.0,1112,8,2008,5,8,1948,3,red,0,NA,amazing,3,1,8,0,896,2002,225000
2650,1.0,216.0,738.0,714,7,1376,3,5,1905,1,blue,0,NA,bad,2,1,3,0,662,1950,96900
1827,2.0,564.0,1223.0,1271,7,2503,7,5,1990,2,red,1,bad,good,3,1,2,1,1232,1990,300000
2279,2.0,460.0,920.0,936,3,936,6,5,1996,0,red,0,NA,bad,0,1,6,1,0,1997,140000
127,2.0,400.0,1140.0,1929,7,2461,5,7,1952,2,red,2,good,bad,3,1,3,0,532,2002,197600
2486,2.0,504.0,1728.0,1728,10,1728,5,5,1963,2,red,0,NA,bad,6,2,11,0,0,1963,125000
407,1.0,264.0,630.0,630,6,1302,5,7,1972,2,red,0,NA,bad,3,1,2,1,672,1972,119500
150,1.0,305.0,972.0,972,5,972,5,6,1955,1,red,0,NA,bad,3,1,6,0,0,1955,122500
2829,2.0,380.0,970.0,970,7,1709,7,5,2004,2,red,0,NA,good,3,1,5,0,739,2004,130000
1460,3.0,725.0,1357.0,1366,7,1947,9,5,2001,2,red,1,bad,good,3,1,1,1,581,2002,274000
1658,2.0,539.0,702.0,1041,7,1743,6,6,1968,1,red,1,good,bad,3,1,6,2,702,1968,175000
62,2.0,712.0,1463.0,1500,9,2622,8,5,1994,2,red,2,bad,good,3,1,4,1,1122,1995,325000
95,2.0,480.0,600.0,600,4,1200,7,5,2004,2,red,0,NA,good,2,1,4,1,600,2004,155000
974,1.0,288.0,864.0,874,5,874,5,6,1968,1,red,0,NA,bad,3,1,11,0,0,1968,130000
2228,2.0,625.0,1696.0,1696,7,1696,7,5,1971,2,red,2,bad,bad,3,1,2,0,0,1971,198000
2303,0.0,0.0,974.0,974,5,974,5,5,1991,1,red,0,NA,bad,3,1,9,0,0,1992,93500
1605,2.0,816.0,816.0,816,4,816,5,8,1982,1,red,0,NA,bad,2,1,6,0,0,2003,138000
2313,2.0,409.0,691.0,691,6,1498,6,5,1995,2,red,1,bad,bad,3,1,7,1,807,1996,187500
2188,1.0,216.0,660.0,740,4,865,6,8,1920,1,red,1,good,bad,2,1,8,0,125,1995,108500
239,1.0,366.0,1172.0,1172,5,1172,5,7,1954,1,red,0,NA,bad,3,1,6,0,0,1998,128000
225,2.0,591.0,1319.0,1373,5,1373,5,5,1978,1,red,2,bad,bad,3,1,5,0,0,1978,160250
2753,2.0,662.0,1286.0,1294,6,1294,7,5,2006,2,red,1,good,good,2,1,7,0,0,2006,193879
1840,2.0,569.0,1241.0,1241,4,1241,7,5,2006,1,red,0,NA,good,1,1,11,1,0,2007,199900
120,2.0,504.0,1209.0,1209,6,1209,5,5,1966,1,red,0,NA,bad,3,1,4,0,0,1966,159000
1714,3.0,876.0,1298.0,1298,7,1828,8,5,2006,2,red,0,NA,good,3,1,2,1,530,2007,250000
193,1.0,200.0,765.0,765,4,765,4,7,1925,1,green,0,NA,good,2,1,4,0,0,1950,87000
181,2.0,780.0,678.0,832,5,832,2,2,1923,1,red,1,good,bad,2,1,6,0,0,1970,12789
393,2.0,902.0,1002.0,1002,5,1002,5,6,1970,1,red,0,NA,bad,3,1,8,0,0,1970,148500
983,0.0,0.0,833.0,833,5,833,5,5,1985,1,red,0,NA,bad,3,1,3,0,0,1985,112000
2406,2.0,474.0,1368.0,1368,6,1368,7,5,2005,2,red,1,good,good,2,1,3,0,0,2006,202665
1573,3.0,788.0,1518.0,1537,8,1537,8,5,2006,2,red,0,NA,good,3,1,4,0,0,2007,294000
673,2.0,498.0,1478.0,1478,6,1478,6,5,1960,2,blue,2,good,bad,3,1,12,0,0,1960,157500
1388,1.0,271.0,1228.0,1228,6,1228,5,6,1966,1,red,0,NA,good,3,1,6,1,0,2006,149350
1417,1.0,200.0,616.0,616,5,1111,5,6,1941,1,red,0,NA,bad,3,1,3,0,495,1950,95000
335,2.0,495.0,833.0,833,5,833,5,7,1984,1,red,0,NA,good,2,1,4,0,0,1984,149900
618,2.0,418.0,1416.0,1644,7,1644,6,5,1953,1,red,2,good,bad,3,1,10,0,0,1953,167000
1304,1.0,281.0,901.0,901,4,901,4,7,1954,1,red,0,NA,bad,2,1,8,0,0,2000,107900
269,2.0,420.0,848.0,848,3,848,6,5,2004,1,red,0,NA,good,1,1,5,0,0,2004,143000
1964,1.0,338.0,1170.0,1170,6,1170,5,6,1958,1,red,1,bad,bad,3,1,3,0,0,1958,140000
2238,1.0,308.0,1012.0,1012,6,1012,6,5,1920,1,blue,1,good,bad,2,1,5,0,0,1950,118400
1837,2.0,466.0,1352.0,1352,5,1352,7,5,2006,2,red,1,good,good,2,1,4,0,0,2007,208900
228,2.0,533.0,1306.0,1306,7,2260,7,5,1996,2,red,0,NA,good,3,1,4,1,954,1997,328000
105,2.0,592.0,975.0,975,7,1848,8,5,2000,2,red,1,bad,good,3,1,4,1,873,2000,254000
1535,1.0,344.0,1091.0,1091,5,1091,6,5,1951,1,blue,1,bad,bad,2,1,5,0,0,1951,104000
2882,0.0,0.0,216.0,576,6,936,3,5,1916,1,red,0,NA,bad,2,1,4,0,360,1950,78000
634,1.0,338.0,1240.0,1632,6,1632,6,6,1958,2,red,1,good,bad,3,1,4,0,0,1988,139000
2102,3.0,870.0,1643.0,1651,7,1651,8,5,2007,2,red,1,good,good,3,1,9,0,0,2007,246500
883,2.0,440.0,608.0,608,6,1396,6,5,2007,2,red,1,good,good,3,1,7,1,788,2007,170000
2132,2.0,558.0,1453.0,1479,7,1479,7,5,2003,2,red,0,NA,good,3,1,6,0,0,2003,226000
1202,2.0,588.0,944.0,999,6,999,7,9,1961,1,red,0,NA,amazing,3,1,7,0,0,2007,178400
1922,1.0,336.0,1244.0,1244,6,1244,6,6,1957,1,blue,2,good,bad,3,1,5,1,0,1957,150000
1785,3.0,954.0,1689.0,1689,7,1689,7,6,2007,2,red,0,NA,good,3,1,6,0,0,2007,248328
1958,1.0,315.0,1040.0,1168,7,1846,6,6,1949,2,red,1,good,bad,3,1,1,0,678,1950,143000
711,1.0,287.0,624.0,792,5,792,5,8,1923,1,red,0,NA,bad,2,1,2,0,0,1950,99500
2372,1.0,288.0,483.0,483,5,987,6,5,1972,1,red,1,horrible,bad,2,1,6,1,504,1972,94500
2476,2.0,449.0,784.0,831,7,1585,7,5,2005,2,red,0,NA,good,3,1,3,1,754,2005,184900
2260,2.0,502.0,1546.0,1564,6,1564,8,5,2006,2,red,1,good,amazing,2,1,9,0,0,2007,267300
1717,2.0,631.0,1302.0,1302,5,1302,6,5,2005,1,red,1,good,good,1,1,5,1,0,2006,200000
287,1.0,200.0,864.0,864,5,864,3,3,1914,1,green,0,NA,bad,2,1,6,0,0,1950,58500
1688,3.0,928.0,1734.0,1734,7,1734,8,5,2007,2,red,1,good,amazing,3,1,11,0,0,2007,318000
934,2.0,462.0,561.0,561,5,1229,6,6,1980,1,red,1,bad,bad,2,1,7,1,668,1980,121000
1456,2.0,570.0,1257.0,1290,8,2161,7,5,2001,2,red,1,bad,good,3,1,6,1,871,2001,230500
2521,2.0,484.0,1226.0,1226,4,1226,8,5,1978,1,red,1,bad,good,1,1,7,0,0,1978,170000
2792,2.0,418.0,1348.0,1358,5,1358,8,5,2002,1,red,1,bad,good,1,1,6,1,0,2002,220000
741,1.0,240.0,884.0,989,6,1573,4,7,1935,1,red,0,NA,good,3,1,7,0,584,1995,133000
1842,2.0,440.0,744.0,757,6,1501,6,5,1999,2,red,1,bad,bad,3,1,9,1,744,1999,176500
2901,3.0,880.0,1868.0,2028,7,2028,8,5,2005,2,red,2,good,good,2,1,3,0,0,2006,369900
936,2.0,501.0,572.0,1182,6,1982,6,6,1986,2,red,1,bad,bad,3,1,4,1,800,1986,208000
1425,3.0,1348.0,2271.0,2276,7,2276,9,5,2008,2,red,2,good,amazing,3,1,6,0,0,2008,475000
2759,3.0,754.0,1570.0,1590,6,1590,8,5,2005,2,red,0,NA,amazing,2,1,8,1,0,2006,294900
167,2.0,440.0,1395.0,1395,7,1395,6,7,1963,1,red,1,bad,bad,2,1,5,0,0,1984,192000
2728,2.0,576.0,782.0,810,4,810,5,7,1971,1,red,0,NA,bad,2,1,6,0,0,1972,130000
12,2.0,393.0,789.0,789,7,1465,6,5,1998,2,red,1,good,bad,3,1,5,1,676,1998,180400
1574,3.0,800.0,1638.0,1646,7,1646,8,5,2007,2,red,1,good,good,3,1,4,0,0,2008,293077
621,1.0,264.0,1113.0,1113,5,1113,5,7,1950,1,red,1,good,good,3,1,7,0,0,2007,147000
1108,2.0,525.0,1223.0,1223,5,2127,7,5,1994,2,red,2,bad,good,3,1,8,1,904,1994,271000
90,2.0,564.0,750.0,1061,8,1923,7,5,1992,2,red,1,bad,good,3,1,6,1,862,1992,190000
616,2.0,505.0,1505.0,1505,6,1505,6,4,1953,1,red,1,bad,bad,2,1,2,0,0,1953,149500
2659,2.0,320.0,880.0,880,6,1768,7,7,1914,1,red,2,bad,bad,2,1,10,1,888,1970,163000
1427,3.0,678.0,1080.0,1080,9,2097,7,5,1993,2,red,1,bad,good,3,1,12,1,1017,1993,228000
870,2.0,478.0,1504.0,1504,6,1504,7,5,1996,2,red,1,bad,good,3,1,6,0,0,1996,203000
2420,2.0,420.0,1374.0,1557,7,1557,7,5,2003,2,red,1,bad,good,2,1,10,0,0,2004,234000
787,2.0,498.0,0.0,1383,6,1383,4,5,1954,1,red,0,NA,bad,2,1,10,0,0,1954,122000
1667,1.0,280.0,950.0,950,5,950,5,5,1971,1,red,0,NA,bad,3,1,7,0,0,1971,119500
2019,1.0,560.0,884.0,959,6,1367,6,6,1931,1,blue,1,good,bad,3,1,11,0,408,1950,127500
2782,1.0,317.0,675.0,686,6,1388,6,6,1977,1,red,0,NA,bad,3,1,12,1,702,1977,157500
28,2.0,511.0,1405.0,1337,5,1337,7,5,1999,2,red,1,okay,good,2,1,6,0,0,1999,184000
1549,0.0,0.0,780.0,780,7,1200,5,7,1930,1,blue,0,NA,bad,4,1,7,0,420,1950,119000
1082,2.0,437.0,1346.0,1504,7,1504,7,5,2005,2,red,1,good,good,2,1,5,0,0,2006,191000
1943,2.0,576.0,845.0,893,4,893,5,7,1949,1,red,0,NA,good,2,1,5,0,0,2003,135000
74,2.0,463.0,948.0,1222,8,2110,7,5,1994,2,red,2,okay,good,3,1,5,1,888,2002,205000
519,2.0,625.0,1402.0,1402,7,1402,7,5,2008,2,red,0,NA,good,3,1,5,0,0,2008,229800
1330,1.0,240.0,1024.0,1144,6,1738,5,5,1935,2,red,1,good,bad,3,1,7,0,594,1950,153000
2267,2.0,471.0,1267.0,1312,5,1312,8,5,2001,2,red,0,NA,good,2,1,1,0,0,2001,180500
2035,1.0,299.0,976.0,976,8,1952,7,9,1950,1,red,2,bad,good,4,1,4,1,976,2005,212300
2192,2.0,528.0,864.0,864,5,864,4,5,1955,1,red,0,NA,bad,3,1,10,0,0,1955,79275
1613,2.0,516.0,2223.0,2223,8,2223,7,6,1973,2,red,2,good,bad,3,1,2,0,0,1973,244000
1544,1.0,195.0,894.0,919,5,919,6,8,1926,1,red,0,NA,bad,2,1,7,0,0,1998,126000
116,2.0,441.0,715.0,930,7,1645,6,6,1971,1,red,0,NA,bad,4,1,6,2,715,1971,171000
1088,2.0,400.0,728.0,728,8,1456,6,5,2005,2,red,0,NA,good,3,1,7,1,728,2005,176000
1829,2.0,431.0,1037.0,1037,5,1037,5,5,1974,1,red,0,NA,bad,2,1,8,0,0,1974,129000
2670,0.0,0.0,788.0,788,4,788,4,5,1941,1,blue,2,bad,bad,2,1,4,0,0,1950,100000
1629,2.0,392.0,903.0,910,7,1642,6,5,1993,2,red,1,bad,bad,3,1,7,1,732,1994,168000
626,2.0,486.0,768.0,1186,7,1986,7,6,1965,2,red,3,okay,bad,3,1,10,1,800,1990,205000
413,2.0,440.0,855.0,855,6,1456,6,5,1977,2,red,1,bad,bad,3,1,5,1,601,1977,137900
1652,2.0,495.0,1153.0,1177,6,1177,6,6,1984,2,red,0,NA,good,3,1,8,0,0,1984,151500
115,2.0,676.0,1161.0,1381,5,1381,6,7,1972,1,red,1,bad,good,3,1,3,1,0,2006,197500
291,0.0,0.0,894.0,894,7,1666,5,2,1931,1,red,1,good,bad,3,1,5,0,772,1950,100000
2445,3.0,807.0,1930.0,1831,10,3627,10,5,1995,3,red,1,bad,good,4,1,7,1,1796,1996,625000
1197,2.0,506.0,1656.0,1656,8,1656,5,5,1973,2,red,0,NA,bad,4,2,11,0,0,1973,135000
341,1.0,502.0,882.0,882,5,882,6,5,1956,1,red,0,NA,bad,2,1,10,0,0,1956,124500
46,3.0,958.0,2846.0,2696,10,2696,9,5,2003,2,red,2,good,amazing,3,1,6,1,0,2004,500000
755,2.0,539.0,780.0,848,5,1208,4,5,1925,1,blue,0,NA,bad,2,1,1,0,0,1950,103000
2689,0.0,0.0,693.0,693,4,693,4,4,1941,1,blue,0,NA,okay,2,1,3,0,0,1950,52500
762,0.0,0.0,1200.0,1200,5,1200,5,5,1987,3,red,0,NA,bad,3,1,3,0,0,1988,179000
466,2.0,390.0,742.0,742,8,1484,6,5,2005,2,red,1,good,good,3,1,6,1,742,2005,174000
1970,1.0,264.0,864.0,876,8,1812,5,5,1962,2,red,1,bad,bad,4,1,7,0,936,1962,169500
677,2.0,900.0,795.0,765,5,1133,6,5,1950,1,red,0,NA,bad,3,1,12,0,368,1950,128500
1217,1.0,312.0,1100.0,1100,6,1100,4,5,1960,1,red,1,horrible,bad,3,1,4,0,0,1960,141000
2635,2.0,624.0,716.0,1007,8,2014,5,8,1900,2,blue,0,NA,bad,5,1,6,0,1007,2005,169000
428,3.0,836.0,1104.0,1130,10,2184,9,5,2008,2,red,1,good,amazing,3,1,7,1,1054,2008,335000
329,0.0,0.0,546.0,546,5,1092,4,7,1970,1,red,0,NA,bad,3,1,3,1,546,1970,76000
668,2.0,480.0,1040.0,1040,6,1040,6,4,1967,1,red,1,horrible,bad,3,1,5,0,0,1967,163000
354,2.0,427.0,832.0,885,7,1718,7,5,1998,2,red,1,bad,bad,3,1,12,1,833,1998,185000
451,2.0,484.0,1358.0,1358,6,1358,6,5,2005,2,red,1,good,good,2,1,8,0,0,2005,213000
714,1.0,240.0,720.0,720,5,1284,5,7,1947,1,red,0,NA,bad,2,1,4,1,564,1950,110000
1956,2.0,576.0,672.0,672,6,924,5,7,1949,1,red,1,horrible,bad,3,1,7,0,252,2006,122900
1751,2.0,400.0,384.0,754,7,1394,7,5,2003,2,red,1,bad,good,3,1,10,1,640,2003,165500
1237,1.0,292.0,1176.0,1176,6,1176,5,4,1957,1,red,2,good,bad,3,1,5,0,0,1957,136500
1165,2.0,440.0,744.0,757,6,1501,7,5,1999,2,red,0,NA,bad,3,1,8,1,744,1999,179400
391,2.0,583.0,689.0,1378,7,2119,6,6,1972,2,red,1,bad,bad,3,1,8,1,741,1972,158000
1392,2.0,564.0,1602.0,1252,4,1252,6,7,1960,1,red,1,good,bad,1,1,3,0,0,1975,235000
1359,2.0,440.0,768.0,768,4,768,6,6,1930,1,red,0,NA,bad,1,1,7,0,0,1950,93850
764,1.0,252.0,1152.0,1152,6,1152,5,5,1978,2,red,0,NA,bad,2,2,7,0,0,1978,159900
2223,2.0,580.0,1560.0,1560,6,1560,6,4,1960,1,red,3,bad,bad,3,1,5,1,0,1960,201000
455,2.0,626.0,1314.0,1314,6,1314,7,5,2007,2,red,1,good,good,2,1,7,0,0,2008,230000
1210,1.0,384.0,1136.0,1136,5,1136,6,6,1965,1,red,1,good,bad,3,1,7,0,0,1965,140000
703,0.0,0.0,801.0,801,6,1447,5,5,1910,1,red,0,NA,bad,3,1,7,0,646,1950,103000
2288,1.0,286.0,546.0,546,6,1092,4,5,1970,1,red,0,NA,bad,3,1,1,1,546,1970,75000
1637,3.0,1110.0,2660.0,2338,8,2338,9,5,2006,2,red,2,good,good,4,1,6,1,0,2007,591587
843,2.0,577.0,1490.0,1501,6,1501,7,5,1999,2,red,0,NA,good,3,1,6,0,0,1999,204000
965,2.0,471.0,1267.0,1296,6,1296,8,5,2001,2,red,0,NA,good,2,1,6,0,0,2002,220000
2597,1.0,326.0,1073.0,1073,4,1073,5,6,1921,1,red,0,NA,bad,2,1,12,0,0,1968,108480
1764,3.0,806.0,1408.0,1671,9,3078,9,5,1998,2,red,1,bad,good,4,1,7,1,1407,1998,410000
1436,2.0,532.0,782.0,782,6,1652,7,5,2000,2,red,0,NA,good,3,1,6,1,870,2000,207500
1432,1.0,352.0,1099.0,1099,6,1099,5,6,1995,1,red,0,NA,good,3,1,6,1,0,2006,144000
2912,3.0,928.0,1652.0,1652,8,1652,5,5,1970,2,red,0,NA,bad,4,2,3,0,0,1970,146500
2595,1.0,371.0,713.0,713,5,713,3,8,1930,1,red,0,NA,good,2,1,10,0,0,2001,99800
1193,2.0,576.0,912.0,912,5,912,5,8,1965,1,red,0,NA,good,2,1,12,0,0,2008,147000
2559,1.0,240.0,1444.0,1624,6,1624,5,6,1952,1,red,1,good,bad,2,1,7,0,0,1952,146500
2039,2.0,440.0,1196.0,1196,5,1196,4,7,1916,1,blue,0,NA,bad,2,1,7,0,0,1990,109900
1269,1.0,404.0,1075.0,1507,7,1507,5,5,1960,2,red,0,NA,bad,4,1,8,0,0,1960,127000
21,2.0,528.0,1053.0,1173,6,1173,7,6,1974,2,red,2,bad,good,3,1,1,0,0,1974,170000
1326,1.0,308.0,869.0,1093,5,1093,4,6,1958,1,red,0,NA,bad,2,1,5,0,0,2006,115500
2339,2.0,517.0,1714.0,1714,7,1714,9,5,2005,2,red,1,good,good,2,1,8,0,0,2005,318000
2532,2.0,504.0,1051.0,1051,6,1051,5,5,1968,1,red,0,NA,bad,3,1,7,0,0,1968,142000
675,1.0,288.0,832.0,1036,6,1268,5,7,1949,1,red,1,good,bad,3,1,9,0,0,1950,133000
2758,2.0,660.0,1734.0,1734,7,1734,7,5,2005,2,red,0,NA,good,3,1,1,0,0,2005,260000
1973,2.0,576.0,850.0,960,5,960,5,7,1926,1,red,0,NA,bad,2,1,4,0,0,1980,103000
858,1.0,338.0,864.0,864,5,864,5,6,1972,1,red,1,okay,bad,3,1,8,0,0,1972,133500
698,2.0,400.0,690.0,868,7,1558,5,6,1939,1,blue,1,good,bad,3,1,10,1,690,1950,150000
2877,1.0,384.0,967.0,967,6,1638,6,5,1957,2,red,0,NA,good,4,1,4,0,671,1957,139000
1376,2.0,440.0,981.0,1075,6,1075,5,6,1963,1,red,0,NA,good,3,1,5,0,0,1963,148000
1149,1.0,384.0,984.0,984,5,984,5,5,1963,1,red,1,bad,bad,3,1,8,0,0,1963,128000
882,2.0,540.0,738.0,738,7,1476,6,5,2005,2,red,0,NA,good,3,1,2,1,738,2005,173500
608,2.0,480.0,1154.0,1154,6,1154,5,6,1966,1,red,1,horrible,bad,3,1,11,1,0,1966,154000
847,2.0,544.0,1573.0,1573,6,1573,7,5,2002,2,red,0,NA,good,3,1,3,0,0,2002,227000
2407,3.0,899.0,1686.0,1686,6,1686,9,5,2006,2,red,1,good,amazing,1,1,6,0,0,2006,332200
631,2.0,442.0,1478.0,1478,6,1478,6,3,1957,1,red,2,good,bad,3,1,6,1,0,1957,156500
915,2.0,342.0,896.0,1172,9,1913,6,6,1928,1,red,1,bad,bad,3,1,3,1,741,1950,177000
1777,3.0,788.0,1905.0,1905,8,1905,9,5,2006,2,red,1,good,amazing,3,1,3,0,0,2006,320000
2084,1.0,264.0,1038.0,1038,5,1038,5,6,1984,2,red,0,NA,bad,2,1,7,0,0,1984,130000
325,2.0,686.0,1344.0,1344,7,1344,5,5,1999,2,red,1,good,bad,3,1,6,0,0,1999,166500
700,0.0,0.0,600.0,1101,8,1701,4,6,1920,2,red,0,NA,okay,4,2,10,0,600,1950,94550
1195,2.0,576.0,1728.0,1728,10,1728,5,5,1965,2,red,0,NA,bad,6,2,11,0,0,1965,145000
628,2.0,576.0,1392.0,1392,5,1392,6,3,1968,1,red,2,bad,bad,2,1,7,0,0,1968,110000
2726,2.0,575.0,1000.0,1000,4,1000,5,6,1963,1,red,2,bad,bad,1,1,4,0,0,1963,164000
2210,3.0,871.0,1001.0,1001,8,2002,5,6,1949,2,blue,0,NA,bad,4,2,8,0,1001,1950,145000
1026,2.0,484.0,720.0,720,7,1308,5,6,1969,1,red,0,NA,bad,3,1,6,1,588,1969,146900
1506,0.0,0.0,0.0,929,8,1137,5,8,1947,1,red,0,NA,bad,4,1,4,1,208,1993,96000
1106,3.0,983.0,1311.0,1325,9,2418,7,5,1993,2,red,1,bad,good,3,1,8,1,1093,1994,341000
861,2.0,396.0,768.0,768,5,768,5,7,1972,1,red,0,NA,bad,2,1,3,0,0,2007,133000
2464,2.0,615.0,756.0,756,6,1553,7,5,2005,2,red,0,NA,good,3,1,3,1,797,2006,186500
790,1.0,350.0,1276.0,1276,5,1276,5,3,1958,1,blue,0,NA,bad,3,1,6,0,0,1958,60000
609,2.0,549.0,744.0,825,7,2140,5,6,1965,2,red,1,bad,bad,4,1,6,1,1315,1965,177500
174,1.0,379.0,840.0,840,8,1605,3,6,1915,2,red,0,NA,bad,3,2,5,0,765,1950,107400
1218,1.0,264.0,1118.0,1118,6,1118,5,7,1960,1,red,0,NA,good,3,1,8,0,0,2000,153000
2310,2.0,400.0,813.0,813,6,1525,6,5,1997,2,red,1,bad,bad,3,1,5,1,712,1998,183500
100,2.0,440.0,756.0,769,5,1573,6,5,2000,2,red,0,NA,good,3,1,6,1,804,2000,177500
1259,0.0,0.0,0.0,694,7,1294,4,7,1900,2,blue,0,NA,bad,3,2,8,0,600,2000,106250
749,2.0,576.0,1048.0,1048,8,1768,6,6,1915,2,blue,0,NA,bad,3,1,6,0,720,1950,155000
338,1.0,275.0,864.0,864,8,1479,5,5,1969,2,red,0,NA,bad,5,1,4,0,615,1969,161000
1734,2.0,400.0,728.0,728,8,1456,7,5,2007,2,red,1,good,good,3,1,7,1,728,2007,179540
598,2.0,457.0,1372.0,1342,7,1342,6,5,1967,2,red,1,good,bad,3,1,9,0,0,1967,161500
1355,1.0,275.0,816.0,838,5,838,6,7,1918,1,red,0,NA,okay,2,1,5,0,0,2000,130000
2254,2.0,528.0,970.0,1026,5,1026,6,6,1974,1,red,1,horrible,bad,2,1,4,0,0,1974,143000
2841,0.0,0.0,864.0,964,8,1414,4,4,1922,1,red,1,good,bad,3,1,9,0,0,1950,83000
1580,2.0,616.0,1606.0,1651,7,1651,6,5,1986,2,red,1,bad,bad,3,1,11,0,0,1986,184000
2455,3.0,928.0,1670.0,1670,6,1670,8,5,2006,2,red,1,good,good,2,1,9,1,0,2006,336820
1570,2.0,529.0,1499.0,1619,7,1786,5,6,1965,2,red,2,good,bad,3,1,8,0,167,1965,228950
2494,1.0,288.0,935.0,935,5,935,5,6,1965,1,red,0,NA,bad,3,1,11,0,0,1965,137000
331,0.0,0.0,546.0,546,5,1092,4,4,1970,1,red,0,NA,bad,3,1,6,1,546,1970,88250
1965,1.0,324.0,1242.0,1242,6,1242,5,5,1960,1,blue,0,NA,bad,3,1,5,1,0,1960,152000
644,2.0,480.0,631.0,1112,5,1112,5,5,1951,1,blue,0,NA,bad,2,1,10,0,0,1951,126000
2187,0.0,0.0,544.0,774,6,774,3,6,1931,1,red,0,NA,good,3,1,5,0,0,2006,79000
2075,2.0,649.0,1073.0,1630,6,1630,5,5,1953,2,red,1,bad,bad,3,1,3,0,0,1953,130000
1491,0.0,0.0,996.0,996,6,996,5,6,1940,1,red,1,good,bad,3,1,7,0,0,1969,108000
1868,2.0,472.0,1594.0,1594,6,1594,7,6,1993,2,red,1,bad,good,2,1,7,0,0,1993,188500
464,2.0,390.0,728.0,728,8,1456,7,5,2005,2,red,1,good,good,3,1,6,1,728,2005,184000
1061,3.0,656.0,948.0,948,10,2088,8,5,2007,2,red,1,good,good,4,1,6,1,1140,2007,250000
1421,2.0,453.0,812.0,1101,9,2200,7,5,1993,2,red,1,bad,good,4,1,12,1,1099,1994,225000
1591,2.0,392.0,1189.0,1189,4,1189,6,5,1997,2,red,0,NA,bad,2,1,4,0,0,1997,160500
2008,2.0,440.0,1065.0,915,6,1635,6,7,1923,1,blue,1,good,bad,3,1,5,1,720,1950,210000
423,3.0,672.0,3094.0,2402,10,2402,10,5,2008,2,red,2,good,amazing,2,1,4,0,0,2008,555000
745,1.0,250.0,952.0,994,6,1582,5,6,1938,2,blue,1,good,bad,3,1,2,0,588,1950,150000
1910,3.0,792.0,1560.0,1560,8,1560,5,5,1968,2,red,0,NA,bad,4,2,5,0,0,1968,126000
1412,1.0,280.0,621.0,621,7,1269,6,8,1962,1,red,0,NA,bad,3,1,11,1,648,2001,134500
1461,3.0,715.0,1778.0,1786,6,1786,8,5,2002,2,red,1,good,good,3,1,6,0,0,2003,300000
501,3.0,656.0,1347.0,1372,9,2646,7,5,1993,2,red,1,bad,good,4,1,4,1,1274,1993,260000
379,2.0,542.0,2524.0,2524,9,2524,8,5,1981,2,red,1,good,good,4,1,7,1,0,1981,278000
990,2.0,550.0,1205.0,2117,7,2117,6,7,1970,2,red,2,good,bad,4,1,5,1,0,1970,237500
1225,1.0,264.0,572.0,1337,7,1337,5,8,1950,1,red,1,good,good,3,1,9,0,0,2006,141500
2586,2.0,684.0,301.0,1145,6,1145,5,7,1956,1,blue,0,NA,bad,3,1,9,0,0,1956,127000
408,2.0,440.0,958.0,958,5,958,6,6,1976,2,red,0,NA,bad,2,1,10,0,0,1976,143750
1448,2.0,576.0,1076.0,1076,5,1076,5,6,1975,1,red,1,okay,bad,3,1,9,1,0,1975,143195
93,2.0,506.0,1488.0,1488,6,1488,7,5,2004,2,red,1,good,good,2,1,3,0,0,2005,260000
1799,3.0,880.0,955.0,955,8,1880,8,5,2007,2,red,1,good,amazing,3,1,12,1,925,2007,310013
2261,2.0,472.0,1476.0,1484,6,1484,8,5,2006,2,red,1,good,amazing,2,1,12,0,0,2006,265900
1879,3.0,530.0,0.0,1224,8,1224,4,5,1964,2,red,0,NA,bad,2,2,4,0,0,1964,103000
840,2.0,672.0,1097.0,1097,6,1097,5,5,1994,1,red,0,NA,bad,3,1,6,1,0,1995,145000
432,3.0,762.0,2630.0,2674,8,2674,10,5,2007,2,red,2,good,amazing,2,1,3,1,0,2007,610000
1920,1.0,301.0,1442.0,1442,7,1442,6,6,1958,1,red,0,NA,bad,4,1,4,1,0,1958,157900
2861,1.0,252.0,700.0,1180,5,1180,4,5,1922,1,red,1,good,okay,2,1,7,0,0,1950,137500
285,1.0,260.0,1107.0,1296,5,1296,5,6,1924,2,blue,1,good,okay,2,1,5,0,0,1999,104000
347,3.0,758.0,1746.0,1746,7,1746,9,5,2006,2,red,2,good,amazing,3,1,10,0,0,2007,377500
1129,2.0,462.0,1218.0,1218,6,1218,7,5,2007,2,red,0,NA,good,2,1,4,0,0,2008,230348
1603,1.0,264.0,876.0,923,5,923,5,5,1984,1,red,0,NA,bad,3,1,10,0,0,1985,119500
695,1.0,200.0,676.0,676,5,1131,5,6,1941,1,red,0,NA,bad,3,1,8,1,455,1950,66500
0,2.0,528.0,1080.0,1656,7,1656,6,5,1960,1,red,2,good,bad,3,1,5,0,0,1960,215000
1611,2.0,525.0,1587.0,1587,7,1587,6,6,1971,2,red,1,good,bad,3,1,3,0,0,1971,167300
1736,2.0,396.0,1340.0,1340,6,1340,7,5,2007,2,red,0,NA,good,3,1,8,0,0,2007,181134
1439,2.0,577.0,1468.0,1479,6,1479,7,5,1999,2,red,0,NA,good,3,1,7,0,0,2000,191000
2054,1.0,240.0,814.0,913,6,913,6,5,1966,1,red,0,NA,bad,3,1,5,0,0,1966,129000
2036,2.0,720.0,1138.0,1138,7,2180,6,5,1915,1,red,1,good,bad,3,1,5,1,1042,1950,161000
2026,2.0,456.0,672.0,672,6,1344,7,6,1929,1,blue,1,good,good,3,1,9,1,672,1990,140000
1147,2.0,533.0,1604.0,1617,5,1617,6,5,1993,2,red,1,okay,good,2,1,7,0,0,1994,193000
2345,2.0,566.0,796.0,790,6,1574,6,5,1976,2,red,1,bad,bad,3,1,7,1,784,1976,190000
1263,1.0,352.0,1253.0,1253,5,1253,6,5,1960,1,red,1,okay,bad,2,1,5,1,0,1960,157000
2609,2.0,440.0,912.0,1085,7,1734,6,7,1962,1,red,1,good,good,3,1,6,1,649,1981,159000
2418,2.0,440.0,738.0,738,8,1492,7,5,2006,2,red,0,NA,good,3,1,10,1,754,2006,185101
2185,1.0,248.0,864.0,948,5,948,4,5,1954,1,red,0,NA,bad,3,1,2,0,0,1954,111000
2302,1.0,264.0,816.0,816,4,816,5,7,1983,1,red,0,NA,bad,2,1,5,0,0,1983,139000
2924,2.0,576.0,1224.0,1224,7,1224,5,7,1960,1,red,1,bad,bad,4,1,9,0,0,1996,131000
1175,2.0,480.0,960.0,962,7,1586,8,5,1999,2,red,0,NA,good,3,1,12,1,624,1999,170000
249,3.0,776.0,1694.0,1694,7,1694,8,5,2008,2,red,0,NA,good,3,1,2,0,0,2008,245350
2910,2.0,576.0,942.0,1291,10,2521,6,4,1973,2,red,1,good,bad,5,1,6,1,1230,1973,151400
2634,0.0,0.0,1025.0,1025,6,1025,5,5,1962,1,red,0,NA,bad,3,1,3,0,0,1962,124000
1700,3.0,814.0,1704.0,1722,9,2758,9,5,2005,2,red,1,amazing,amazing,4,1,5,1,1036,2006,418000
944,2.0,482.0,1596.0,1648,5,1648,8,5,2007,2,red,1,good,amazing,2,1,6,0,0,2008,230000
2691,1.0,390.0,396.0,665,7,1330,5,8,1910,1,red,0,NA,bad,3,1,7,0,665,2004,116500
1484,2.0,420.0,848.0,848,4,848,6,5,2004,1,red,1,good,good,1,1,6,0,0,2004,144500
2004,1.0,384.0,0.0,1382,6,1382,4,7,1949,2,red,1,bad,bad,1,1,5,0,0,2002,110000
369,2.0,567.0,1122.0,946,6,1934,5,6,1977,2,red,1,bad,bad,3,1,7,1,988,1977,185000
2337,2.0,672.0,0.0,1547,7,2320,5,6,1948,2,red,1,bad,bad,2,1,5,0,720,1950,169000
743,1.0,180.0,715.0,875,5,875,5,7,1931,1,blue,0,NA,bad,2,1,11,0,0,1993,105000
26,2.0,525.0,882.0,882,4,882,4,5,1970,1,red,0,NA,bad,2,1,4,0,0,1970,126000
1464,2.0,596.0,1129.0,1129,9,2327,7,5,2003,2,red,1,good,good,4,1,8,1,1198,2003,240000
684,1.0,672.0,1148.0,1148,6,1148,5,5,1959,1,red,0,NA,bad,3,1,7,0,0,1959,132500
1266,2.0,414.0,105.0,910,5,910,5,7,1953,1,red,0,NA,good,3,1,10,0,0,1996,116000
3,2.0,522.0,2110.0,2110,8,2110,7,5,1968,2,red,2,bad,amazing,3,1,4,1,0,1968,244000
2219,1.0,180.0,1028.0,1436,9,2320,6,8,1945,2,red,1,bad,good,3,1,7,1,884,2002,259500
850,2.0,577.0,1431.0,1444,6,1444,7,5,2002,2,red,0,NA,good,3,1,4,0,0,2001,203000
2446,3.0,774.0,1540.0,1540,9,2855,9,5,2000,2,red,1,bad,amazing,4,1,3,1,1315,2000,405000
295,1.0,252.0,1152.0,1188,9,2340,7,9,1941,2,red,2,good,good,4,1,5,0,1152,2006,266500
702,1.0,240.0,651.0,707,6,1389,7,8,1946,1,red,2,good,bad,3,1,9,1,682,1992,135000
1064,3.0,726.0,1572.0,1572,10,2668,9,5,2003,2,red,2,good,amazing,3,1,3,1,1096,2004,412500
2713,2.0,440.0,672.0,672,6,1400,6,7,1978,1,red,1,bad,bad,3,1,3,1,728,1978,149500
2460,2.0,584.0,1278.0,1278,5,1278,8,5,2006,2,red,0,NA,good,2,1,10,0,0,2006,198600
1696,3.0,895.0,1935.0,1973,9,1973,8,5,2006,2,red,1,good,good,3,1,7,0,0,2006,395000
1995,1.0,205.0,1008.0,1178,8,2210,6,4,1880,2,red,0,NA,okay,5,1,5,0,1032,1950,117500
1265,2.0,505.0,585.0,2069,9,2069,7,7,1960,2,red,1,good,good,4,1,11,0,0,2007,242000
2315,2.0,413.0,802.0,802,8,1511,6,5,1997,2,red,1,bad,bad,3,1,6,1,709,1997,185000
1317,0.0,0.0,742.0,742,9,1484,6,6,1914,2,red,1,good,bad,3,1,6,0,742,2001,128000
1898,2.0,462.0,0.0,1224,6,1224,4,5,1962,2,red,0,NA,bad,2,2,3,0,0,1962,101800
2430,2.0,372.0,732.0,734,7,1838,5,5,2005,2,red,1,good,bad,4,1,7,1,1104,2005,192140
1466,2.0,560.0,850.0,886,7,1764,8,5,1999,2,red,1,bad,good,3,1,6,1,878,2000,207000
607,2.0,520.0,1292.0,1292,6,1292,5,5,1964,1,red,2,good,bad,3,1,7,1,0,1964,145100
1307,2.0,420.0,797.0,830,10,1627,5,5,1900,2,blue,0,NA,bad,4,2,2,0,797,2006,139500
63,3.0,671.0,1152.0,1164,9,2270,8,7,1999,2,red,1,good,good,4,1,4,1,1106,2007,290000
1608,2.0,484.0,864.0,889,6,889,5,6,1984,1,red,0,NA,bad,3,1,4,0,0,1984,137500
1914,1.0,315.0,874.0,874,7,1524,5,5,1958,1,blue,0,NA,bad,3,1,7,1,650,1958,144000
1005,2.0,431.0,773.0,773,8,1658,6,5,1995,2,red,1,bad,bad,3,1,6,1,885,1996,188000
1407,0.0,0.0,1580.0,1518,5,1518,5,7,1940,1,red,2,good,okay,2,1,1,0,0,2007,260000
240,2.0,460.0,1212.0,1212,6,1212,6,5,2009,2,red,0,NA,good,3,1,3,0,0,2009,186000
654,1.0,366.0,792.0,792,4,792,3,5,1958,1,blue,0,NA,bad,2,1,8,0,0,1958,99900
2000,2.0,812.0,1559.0,1559,5,1559,5,6,1948,1,red,0,NA,bad,2,1,6,0,0,1973,153500
112,2.0,480.0,1610.0,1610,6,1610,6,7,1977,2,red,2,bad,good,3,1,2,0,0,2001,205000
1371,1.0,240.0,1046.0,1054,6,1054,5,6,1947,1,red,0,NA,bad,3,1,9,0,0,1993,124000
815,4.0,820.0,1168.0,1168,8,2787,7,5,2000,4,red,2,bad,bad,6,2,10,2,1619,2000,269500
1585,3.0,749.0,1482.0,1482,10,2262,8,5,2003,2,red,2,good,good,4,1,8,1,780,2003,305000
581,2.0,462.0,1489.0,1489,7,1489,6,7,1968,2,red,1,good,good,3,1,8,0,0,1968,185750
1864,2.0,570.0,1008.0,1403,8,2411,6,6,1970,2,red,1,horrible,bad,4,1,6,1,1008,1970,240050
126,1.0,240.0,1078.0,1078,5,1078,5,6,1950,1,blue,0,NA,good,2,1,4,0,0,1996,142125
2616,2.0,484.0,0.0,1472,5,1472,7,5,1959,2,blue,1,good,good,2,1,6,0,0,1959,157500
2680,1.0,225.0,1042.0,1042,8,1576,5,6,1928,1,red,1,good,bad,3,1,8,0,534,1950,149000
864,2.0,522.0,1753.0,1788,7,1788,8,5,2001,2,red,1,bad,amazing,3,1,6,0,0,2001,236500
2222,2.0,450.0,1809.0,2259,7,2259,6,5,1953,2,red,2,good,good,3,1,10,0,0,1953,217000
7,2.0,506.0,1280.0,1280,5,1280,8,5,1992,2,red,0,NA,good,2,1,1,0,0,1992,191500
867,2.0,550.0,840.0,840,6,1725,7,5,2002,2,red,0,NA,good,3,1,11,1,885,2002,198500
2796,3.0,646.0,1090.0,1090,8,2214,8,5,1999,2,red,1,bad,good,3,1,7,1,1124,1999,268500
2672,1.0,240.0,848.0,1017,9,1827,6,7,1924,1,red,1,good,bad,2,1,5,0,810,1996,202500
411,2.0,440.0,1057.0,1055,4,1055,7,5,1975,2,red,1,okay,bad,2,1,8,0,0,1975,123000
2448,2.0,420.0,1141.0,1165,10,2263,8,5,1998,2,red,1,bad,good,4,1,7,1,1098,1998,258000
153,2.0,676.0,576.0,985,4,985,4,7,1920,1,red,0,NA,bad,2,1,4,0,0,1994,105000
1595,1.0,336.0,550.0,925,6,1475,5,7,1976,2,red,1,bad,bad,4,1,5,0,550,1976,129500
2434,2.0,504.0,1406.0,1454,7,1936,8,5,2000,2,red,1,bad,good,3,1,11,1,482,2000,230500
2396,3.0,753.0,1085.0,1120,8,1970,8,5,2006,2,red,1,good,amazing,3,1,10,1,850,2006,281000
1019,2.0,598.0,1260.0,1260,6,1260,7,7,1983,2,red,0,NA,bad,3,1,7,0,0,1983,181900
2602,2.0,648.0,1077.0,981,7,1760,4,4,1910,1,blue,1,bad,bad,4,1,2,1,779,1950,80000
283,1.0,280.0,672.0,672,5,924,4,4,1941,1,blue,0,NA,okay,2,1,7,0,252,1950,80000
404,1.0,280.0,630.0,630,6,1302,5,5,1971,2,red,0,NA,bad,3,1,5,1,672,1971,112000
1625,2.0,482.0,938.0,957,7,2299,6,5,1999,3,red,1,bad,bad,5,1,8,1,1342,2003,204000
1524,2.0,672.0,588.0,1423,11,2555,6,7,1922,2,red,1,good,bad,3,1,9,0,748,1994,191000
2560,1.0,280.0,1056.0,1216,7,1216,5,5,1951,1,blue,0,NA,bad,3,1,5,0,0,1951,135000
1505,0.0,0.0,585.0,585,5,1053,5,7,1938,1,green,0,NA,amazing,2,1,1,1,468,2007,120000
1830,2.0,611.0,1390.0,1701,6,1701,5,5,1975,2,red,2,bad,bad,3,1,1,0,0,1981,171000
2042,0.0,0.0,672.0,840,5,840,5,7,1930,1,red,1,bad,bad,3,1,6,0,0,1950,87000
508,3.0,726.0,1614.0,1658,7,1658,8,5,2008,2,red,1,good,good,3,1,9,1,0,2008,257500
1774,3.0,933.0,1325.0,1335,8,2538,8,5,1996,2,red,1,bad,good,4,1,5,1,1203,1997,330000
916,1.0,216.0,861.0,877,6,1477,7,7,1928,2,red,1,good,bad,3,1,8,0,600,1950,145000
2073,2.0,521.0,1151.0,1164,8,2060,6,5,1988,2,red,1,bad,bad,4,1,9,1,896,1989,211000
1701,3.0,1174.0,2320.0,2290,7,2290,10,5,2007,2,red,1,good,amazing,2,1,8,1,0,2007,500067
554,2.0,400.0,980.0,980,5,980,5,5,1962,1,red,0,NA,bad,3,1,11,0,0,1962,110000
1892,1.0,309.0,1302.0,1302,7,1302,6,7,1964,2,red,0,NA,good,3,1,10,0,0,1991,158000
1835,2.0,484.0,1141.0,1151,5,1151,8,5,2006,2,red,0,NA,good,2,1,2,0,0,2007,166000
2644,2.0,576.0,938.0,1084,9,1951,4,6,1900,2,red,0,NA,okay,4,2,4,0,867,1950,111500
1146,2.0,506.0,832.0,832,7,1710,6,5,1993,2,red,0,NA,good,3,1,6,1,878,1993,187000
960,3.0,885.0,1641.0,1641,7,1641,9,5,2008,2,red,0,NA,amazing,3,1,1,0,0,2008,316500
163,2.0,720.0,910.0,910,6,1385,5,4,1952,2,red,0,NA,bad,4,1,6,0,475,1952,166000
1689,3.0,938.0,2108.0,2122,7,2122,8,5,2007,2,red,1,amazing,good,2,1,11,1,0,2007,345474
1719,2.0,627.0,1554.0,1554,6,1554,8,5,2006,2,red,1,good,good,2,1,8,0,0,2006,209500
2427,2.0,440.0,1362.0,1506,6,1506,7,5,2005,2,red,1,good,good,2,1,4,0,0,2005,213490
2141,2.0,440.0,969.0,969,5,969,5,6,1975,1,red,0,NA,bad,3,1,1,1,0,1975,122000
2834,2.0,528.0,832.0,846,7,1338,6,3,1915,2,green,0,NA,bad,3,1,5,0,492,1950,92000
1541,2.0,924.0,1296.0,1640,7,1640,6,7,1954,1,red,1,good,good,3,1,11,0,0,2006,224000
453,2.0,624.0,1306.0,1306,5,1306,6,5,2005,2,red,1,good,good,1,1,3,0,0,2005,184500
956,2.0,513.0,2136.0,2036,8,2036,7,5,1965,2,red,2,good,bad,3,1,6,0,0,1965,375000
2775,2.0,472.0,1588.0,1588,6,1588,7,5,1999,2,red,0,NA,good,3,1,8,0,0,1999,214000
1559,2.0,482.0,1600.0,1652,5,1652,8,5,2008,2,red,1,good,good,2,1,11,0,0,2008,392500
1877,1.0,484.0,1024.0,1344,6,1344,5,5,1958,1,red,1,bad,bad,2,1,6,0,0,1983,144000
441,3.0,850.0,1774.0,1808,7,1808,9,5,2008,2,red,1,good,amazing,3,1,3,0,0,2008,324000
1335,2.0,370.0,949.0,949,5,949,5,7,1924,1,red,1,okay,bad,2,1,7,0,0,2003,119000
796,1.0,281.0,768.0,1148,8,1716,5,4,1949,1,red,1,good,bad,3,1,1,1,568,2008,131000
886,1.0,288.0,816.0,816,3,816,4,6,1938,1,red,1,good,bad,2,1,5,0,0,1958,100000
747,2.0,441.0,844.0,1445,10,2134,6,6,1916,2,blue,0,NA,good,5,1,7,0,689,1994,214500
1021,2.0,551.0,1782.0,1782,6,1782,7,5,1979,2,red,1,bad,good,3,1,3,0,0,1979,220000
1874,1.0,308.0,949.0,1107,5,1107,5,6,1967,1,red,0,NA,good,3,1,3,0,0,1993,127000
590,2.0,630.0,1350.0,1334,6,1334,6,5,1977,2,red,1,bad,bad,2,1,4,0,0,1977,167900
1327,1.0,288.0,1008.0,1143,5,1143,5,7,1928,1,red,1,horrible,bad,2,1,7,0,0,1983,138000
352,2.0,528.0,1587.0,1734,6,1734,8,5,1995,2,red,0,NA,good,2,1,9,0,0,1996,239500
2515,2.0,564.0,1568.0,1568,6,1568,8,5,2001,2,red,1,bad,good,3,1,9,0,0,2002,221000
1043,1.0,264.0,483.0,483,4,987,6,5,1971,1,red,0,NA,bad,2,1,7,1,504,1971,85400
1179,2.0,477.0,1230.0,1239,4,1239,8,5,1995,1,red,1,okay,good,1,1,8,1,0,1995,217500
2555,0.0,0.0,440.0,869,4,869,4,7,1923,1,blue,0,NA,okay,2,1,8,0,0,1958,85500
2838,2.0,572.0,864.0,864,5,864,5,7,1955,1,red,0,NA,bad,2,1,4,0,0,1990,115000
1569,2.0,432.0,1680.0,1689,6,1689,4,5,1991,2,red,1,bad,bad,3,1,7,0,0,1991,228500
577,2.0,527.0,392.0,1487,5,2499,8,5,1976,2,red,1,good,bad,4,1,1,1,1012,1976,180500
651,2.0,410.0,699.0,801,6,1527,7,7,1948,1,blue,1,good,bad,3,1,12,1,726,1999,152500
599,2.0,396.0,894.0,894,5,894,4,7,1960,1,red,1,horrible,bad,2,1,8,0,0,1960,141500
1267,2.0,576.0,876.0,876,5,876,5,7,1951,1,red,1,bad,bad,2,1,2,0,0,1951,94000
1587,3.0,892.0,1964.0,1964,7,1964,8,5,2005,2,red,1,good,good,3,1,6,1,0,2006,370000
1329,1.0,308.0,742.0,779,4,935,5,6,1930,1,blue,0,NA,bad,2,1,8,0,0,1960,79500
474,2.0,432.0,716.0,716,6,1432,7,5,2004,2,red,1,good,good,3,1,7,1,716,2005,188500
810,2.0,400.0,0.0,1535,8,1535,5,5,1979,2,red,0,NA,bad,4,2,6,0,0,1979,118858
284,1.0,364.0,1216.0,1526,7,1526,5,6,1957,1,blue,1,good,bad,4,1,5,0,0,2002,144500
947,2.0,670.0,1434.0,1518,6,2149,7,5,2003,1,red,1,amazing,good,1,1,8,1,631,2003,239686
739,2.0,440.0,1145.0,1301,5,1301,5,5,1924,1,red,0,NA,okay,2,1,10,0,0,1950,100000
2678,1.0,450.0,768.0,1015,6,1015,5,7,1925,1,red,0,NA,bad,3,1,7,0,0,1950,88000
1160,2.0,625.0,625.0,625,5,1250,7,5,2006,2,red,0,NA,good,2,1,3,1,625,2007,171900
1646,2.0,484.0,725.0,725,6,1479,7,7,1981,2,red,1,bad,good,3,1,3,1,754,2003,176000
2626,2.0,400.0,0.0,1040,6,1040,3,4,1950,2,green,0,NA,bad,2,2,7,0,0,1950,93500
2547,2.0,480.0,720.0,720,7,1440,5,6,1964,1,red,1,horrible,bad,4,1,7,1,720,1964,157500
588,1.0,336.0,1216.0,1216,5,1216,6,5,1969,1,red,0,NA,bad,3,1,8,0,0,1969,113000
2233,2.0,360.0,720.0,803,5,803,5,6,1941,1,green,0,NA,bad,2,1,12,0,0,1950,87000
160,2.0,564.0,710.0,1898,11,2978,7,7,1967,2,red,1,good,good,5,1,6,1,1080,2007,242000
1127,2.0,562.0,813.0,822,7,1665,7,6,2007,2,red,0,NA,good,3,1,5,1,843,2007,205950
1947,0.0,0.0,882.0,882,4,882,4,6,1956,1,red,0,NA,bad,1,1,4,0,0,1956,103200
872,2.0,511.0,1417.0,1417,7,1417,7,5,1997,2,red,1,bad,good,3,1,8,0,0,1998,210000
967,3.0,765.0,1838.0,1838,8,1838,9,5,2006,2,red,1,good,amazing,2,1,3,0,0,2006,315000
2686,2.0,576.0,1595.0,1611,8,2486,6,5,1962,2,red,1,good,bad,5,1,10,0,875,1962,220000
1353,2.0,672.0,810.0,1170,8,1716,6,4,1915,2,red,0,NA,good,4,1,3,0,546,2004,162500
1235,1.0,336.0,1144.0,1144,6,1144,5,5,1963,1,red,0,NA,bad,3,1,8,1,0,1963,124000
1231,2.0,462.0,1319.0,1537,7,1537,6,9,1962,1,red,1,good,good,3,1,7,1,0,2005,174000
610,2.0,645.0,1127.0,1445,7,1445,6,6,1964,1,red,1,okay,bad,3,1,8,1,0,1964,158000
164,2.0,576.0,900.0,900,5,900,5,7,1951,1,red,0,NA,good,3,1,5,0,0,2000,134800
2189,2.0,400.0,894.0,894,5,894,4,5,1954,1,red,0,NA,bad,3,1,5,0,0,1954,110000
1055,3.0,866.0,1710.0,1710,6,1710,8,5,2007,2,red,1,good,good,2,1,1,0,0,2008,372402
2011,2.0,440.0,735.0,869,6,1218,6,6,1941,1,red,1,good,bad,3,1,3,0,349,1950,131000
2811,2.0,565.0,860.0,860,7,1720,7,5,2004,2,red,0,NA,good,3,1,8,1,860,2004,196500
333,1.0,352.0,864.0,874,5,874,5,7,1971,1,red,0,NA,bad,3,1,6,0,0,2004,130000
2044,2.0,498.0,1005.0,1262,7,2267,7,8,1937,1,red,2,good,bad,3,1,4,1,1005,1980,219000
2573,1.0,796.0,1144.0,1144,6,1144,5,6,1959,1,red,1,bad,bad,3,1,3,0,0,1959,143000
2591,2.0,896.0,1015.0,1384,6,1384,5,5,1956,1,red,0,NA,bad,2,1,6,0,0,2001,159000
2828,2.0,380.0,970.0,970,7,1709,7,5,2004,2,red,0,NA,good,3,1,5,0,739,2004,134000
1452,1.0,352.0,780.0,780,4,780,5,7,1972,1,red,0,NA,bad,2,1,1,0,0,1972,124900
2717,2.0,580.0,1967.0,1967,10,1967,5,4,1977,2,red,0,NA,bad,6,2,8,0,0,1977,156500
2175,1.0,504.0,1143.0,1113,6,1113,6,7,1976,1,red,1,okay,bad,3,1,5,1,0,1976,148000
822,3.0,904.0,1468.0,1468,6,1468,8,5,2008,2,red,1,good,good,3,1,6,0,0,2008,239900
437,3.0,908.0,1709.0,1717,7,1717,8,5,2006,2,red,1,good,good,3,1,7,0,0,2006,255500
1123,2.0,603.0,866.0,866,7,1768,7,5,2005,2,red,0,NA,good,3,1,2,1,902,2005,226700
2125,1.0,242.0,1097.0,1097,6,1097,5,5,1996,1,red,0,NA,bad,3,1,7,1,0,1996,147900
873,2.0,645.0,1057.0,1057,8,2034,7,5,1997,2,red,0,NA,good,3,1,2,1,977,1998,219500
277,2.0,480.0,744.0,792,5,1120,4,5,1948,1,green,0,NA,okay,2,1,6,0,328,1950,64000
982,2.0,602.0,1097.0,1110,4,1110,5,6,1978,1,red,1,bad,good,1,1,7,0,0,1978,165500
2896,2.0,484.0,1309.0,1339,6,1339,7,5,1990,2,red,1,bad,bad,2,1,7,0,0,1990,180000
2173,0.0,0.0,816.0,816,5,816,6,5,1990,1,red,0,NA,bad,3,1,5,0,0,1990,118500
1368,2.0,576.0,451.0,759,5,759,5,8,1912,1,red,0,NA,bad,1,1,8,0,0,1991,85000
898,2.0,528.0,0.0,944,4,944,3,3,1952,1,green,0,NA,okay,2,1,7,0,0,1952,82000
560,1.0,264.0,864.0,1144,6,1144,5,6,1961,1,red,1,bad,bad,3,1,3,0,0,1983,131400
921,1.0,256.0,728.0,976,7,1308,5,7,1940,1,red,2,bad,bad,2,1,6,1,332,1950,160000
1404,1.0,249.0,570.0,617,5,1079,7,5,1948,1,red,1,good,bad,2,1,1,0,462,1950,125600
2151,2.0,484.0,1556.0,1592,7,1592,8,5,1994,2,red,1,bad,good,3,1,6,0,0,1995,228000
2608,1.0,294.0,1083.0,1146,6,1146,6,5,1963,1,red,1,good,bad,3,1,6,0,0,1963,165000
513,3.0,795.0,2458.0,2490,9,2490,9,5,2005,2,red,2,good,amazing,2,1,10,0,0,2006,468000
2431,2.0,393.0,783.0,807,7,1509,6,5,2002,2,red,1,good,good,3,1,6,1,702,2003,183200
224,1.0,280.0,864.0,864,4,864,5,5,1968,1,red,0,NA,bad,2,1,5,0,0,1968,137250
1316,2.0,672.0,482.0,1221,7,1912,6,7,1905,2,red,1,bad,bad,3,2,4,0,691,2000,163000
146,1.0,312.0,1206.0,1206,6,1206,5,5,1959,1,red,0,NA,bad,3,1,5,0,0,1959,108538
1807,0.0,0.0,1143.0,1143,5,1143,7,5,2006,1,red,0,NA,good,3,1,10,1,0,2006,147000
1069,3.0,870.0,1858.0,1866,7,1866,9,5,2008,2,red,1,good,amazing,2,1,11,0,0,2008,336860
1852,2.0,1105.0,1220.0,1220,8,2362,8,5,1998,2,red,2,bad,good,3,1,6,1,1142,1998,312500
512,2.0,689.0,1113.0,1113,8,1971,7,5,2005,2,red,1,good,good,3,1,2,1,858,2005,253000
327,1.0,253.0,945.0,945,5,945,5,6,1973,1,red,1,horrible,bad,2,1,5,0,0,1973,119500
1590,0.0,0.0,1092.0,1092,5,1092,5,5,2007,1,red,0,NA,bad,2,1,2,0,0,2008,146000
176,1.0,240.0,788.0,804,4,804,5,7,1940,1,red,2,good,good,2,1,2,0,0,1992,119000
1939,1.0,252.0,928.0,928,4,928,5,7,1956,1,red,0,NA,bad,2,1,6,0,0,2000,132000
168,2.0,442.0,756.0,1051,7,1839,6,5,1966,1,red,1,bad,bad,4,1,6,1,788,1966,155000
1423,2.0,484.0,628.0,628,6,1356,7,5,2007,2,red,1,good,good,3,1,3,1,728,2007,177439
2868,2.0,621.0,1430.0,1647,7,1647,5,6,1977,2,red,1,bad,good,3,1,3,0,0,1977,217500
1415,1.0,240.0,1164.0,1164,5,1164,5,5,1950,1,red,0,NA,bad,3,1,8,0,0,1950,125000
2298,1.0,444.0,1396.0,1608,6,1608,4,3,1961,1,red,0,NA,bad,3,1,11,0,0,1961,80000
2214,2.0,380.0,965.0,1940,10,3194,8,6,1934,2,red,2,good,bad,4,1,9,1,1254,1998,359100
2277,0.0,0.0,1120.0,1120,6,1120,5,5,2007,1,red,0,NA,bad,3,1,12,0,0,2007,147000
136,2.0,576.0,1947.0,2207,7,2207,7,5,1970,2,red,1,good,bad,3,1,7,0,0,1989,180000
1493,2.0,397.0,746.0,760,7,1656,7,5,2003,2,red,1,good,good,3,1,7,1,896,2004,165400
1296,2.0,828.0,884.0,884,8,1436,6,6,1940,2,red,2,good,bad,3,2,5,0,552,1950,155000
2006,1.0,308.0,910.0,910,6,1435,5,6,1950,1,red,0,NA,bad,3,1,3,0,525,1950,128250
907,1.0,246.0,290.0,438,3,438,2,5,1920,1,green,0,NA,okay,1,1,1,0,0,1950,60000
197,1.0,312.0,780.0,780,6,1416,6,7,1948,1,red,0,NA,bad,3,1,3,1,636,1950,139900
2381,3.0,880.0,1618.0,1618,6,1618,8,5,2004,2,red,1,good,good,2,1,7,0,0,2004,252000
1509,1.0,548.0,941.0,997,7,1470,4,6,1954,2,red,0,NA,bad,4,1,5,0,473,1972,135000
1822,2.0,544.0,1040.0,1120,5,1120,4,5,1961,1,red,0,NA,okay,3,1,5,1,0,1961,129000
2118,2.0,529.0,966.0,1743,5,1743,8,6,1976,0,red,2,okay,good,0,1,5,1,0,1976,279000
777,1.0,384.0,552.0,904,8,1774,5,5,1961,2,red,1,bad,bad,4,1,7,0,611,1961,165000
2321,2.0,422.0,868.0,887,9,2021,7,5,2006,2,red,1,good,good,3,1,9,1,1134,2006,274725
2115,2.0,389.0,1444.0,1444,7,2144,6,7,1958,2,red,2,bad,good,4,1,6,0,700,2006,277000
1128,3.0,660.0,1660.0,1660,7,1660,8,5,2007,2,red,1,good,good,3,1,6,0,0,2007,256000
2835,1.0,288.0,1093.0,1093,9,1669,4,5,1924,1,green,0,NA,bad,4,1,5,1,576,1950,107000
878,2.0,420.0,848.0,848,4,848,6,5,2003,1,red,0,NA,good,1,1,5,0,0,2003,140000
2432,2.0,403.0,707.0,707,6,1414,8,5,2004,2,red,1,good,good,3,1,10,1,707,2004,178000
1101,3.0,687.0,1519.0,1533,8,2172,9,5,2000,2,red,1,bad,amazing,4,1,6,1,639,2000,291000
1470,2.0,508.0,1478.0,1493,7,1493,6,5,1997,2,red,1,bad,good,3,1,4,0,0,1998,208900
199,2.0,480.0,928.0,928,7,1536,5,5,1930,2,green,1,good,bad,4,1,3,0,608,1950,138400
433,3.0,1020.0,1734.0,1734,12,2822,9,5,2008,3,red,1,good,amazing,4,1,1,1,1088,2009,582933
1853,2.0,478.0,1494.0,1494,5,1494,8,5,1994,1,red,1,good,good,1,1,5,1,0,1995,279700
1825,2.0,572.0,988.0,988,5,988,5,5,1961,1,red,0,NA,bad,3,1,10,0,0,1961,128500
2003,1.0,331.0,0.0,968,5,968,4,6,1956,1,red,0,NA,bad,2,1,5,0,0,1956,104500
737,1.0,320.0,468.0,822,6,1142,5,5,1924,1,red,0,NA,bad,3,1,6,0,320,1950,93000
300,2.0,484.0,1501.0,1801,6,1801,7,8,1959,2,red,2,bad,bad,1,1,3,0,0,1997,289000
2155,2.0,556.0,1220.0,1220,8,2090,8,5,1995,2,red,1,bad,good,3,1,12,1,870,1996,240000
820,3.0,860.0,1622.0,1630,8,1630,8,5,2008,2,red,1,good,amazing,3,1,1,0,0,2008,295493
2641,2.0,576.0,712.0,848,7,1428,7,7,1900,1,red,0,NA,bad,4,1,5,0,580,1970,139900
1594,1.0,336.0,264.0,616,4,1304,5,6,1976,1,red,1,good,bad,3,1,6,1,688,1976,115000
1188,2.0,528.0,1258.0,1258,5,1258,6,7,1971,2,red,0,NA,good,3,1,10,0,0,2004,145000
2798,3.0,555.0,1054.0,1070,8,1939,7,5,1998,2,red,1,bad,good,3,1,5,1,869,1998,227000
2804,2.0,685.0,1079.0,1079,8,1919,8,5,2006,2,red,1,good,good,3,1,7,1,840,2006,233230
834,2.0,538.0,1013.0,1160,7,2126,5,5,1967,2,red,0,NA,bad,3,1,6,1,966,1967,185000
1257,1.0,308.0,672.0,672,4,672,4,7,1940,1,red,0,NA,bad,2,1,7,0,0,2005,86900
1592,3.0,850.0,1200.0,1200,6,1200,4,5,1964,1,red,0,NA,bad,3,1,11,0,0,1964,173000
2789,2.0,586.0,1065.0,1091,7,1989,8,5,2002,2,red,1,good,good,3,1,11,1,898,2002,255000
627,1.0,509.0,896.0,1182,8,2142,6,6,1968,2,red,1,good,good,4,1,6,1,960,1968,193500
1468,2.0,420.0,848.0,848,3,848,6,5,2003,1,red,0,NA,good,1,1,3,0,0,2003,136500
1747,2.0,400.0,384.0,744,8,1374,7,5,2004,2,red,1,good,good,3,1,6,1,630,2004,175000
1178,2.0,500.0,1260.0,1288,4,1288,8,5,1996,1,red,2,good,amazing,1,1,12,1,0,1996,245500
2301,1.0,264.0,816.0,816,5,816,5,7,1982,1,red,0,NA,bad,2,1,6,0,0,1982,124500
1669,1.0,684.0,858.0,858,4,858,4,6,1971,1,red,0,NA,bad,2,1,6,0,0,1971,110000
2808,2.0,578.0,851.0,851,7,1737,7,5,2006,2,red,0,NA,good,3,1,8,1,886,2006,203160
2649,2.0,440.0,648.0,734,6,1118,6,8,1920,1,blue,0,NA,bad,2,1,10,0,384,1950,116000
1037,2.0,576.0,864.0,864,5,864,4,5,1972,1,red,0,NA,bad,3,1,4,0,0,1972,111250
1780,3.0,1092.0,1966.0,1966,6,1966,10,5,2007,2,red,1,good,amazing,1,1,10,0,0,2007,419005
294,2.0,484.0,1032.0,1102,11,2177,5,6,1950,2,red,0,NA,bad,5,2,3,1,1075,1991,215000
2055,1.0,384.0,894.0,894,5,894,5,5,1966,1,red,0,NA,bad,3,1,5,0,0,1966,125000
1770,3.0,721.0,1203.0,1214,9,2520,7,5,1995,2,red,1,bad,good,4,1,6,1,1306,1995,290000
2323,2.0,402.0,1160.0,1169,6,1169,6,6,1993,2,red,1,bad,bad,3,1,7,0,0,1994,183500
1022,2.0,619.0,1330.0,1542,11,2872,6,7,1977,2,red,1,bad,bad,4,1,7,1,1330,1995,272000
67,2.0,676.0,1218.0,1218,4,1218,7,5,2009,2,red,0,NA,good,2,1,4,0,0,2010,204500
24,2.0,500.0,1078.0,1078,6,1078,5,6,1971,1,red,1,okay,bad,3,1,4,1,0,2008,149900
219,2.0,528.0,1392.0,1392,5,1392,5,6,1957,1,red,1,good,bad,3,1,5,1,0,1996,121500
1942,0.0,0.0,925.0,1000,7,1544,4,7,1890,2,red,0,NA,bad,3,1,4,0,544,2006,138000
1169,2.0,588.0,1419.0,1419,5,1419,9,5,2001,1,red,1,bad,amazing,2,1,9,1,0,2001,290000
2195,0.0,0.0,1296.0,1296,12,2592,5,6,1923,2,blue,0,NA,bad,6,2,1,0,1296,1950,150000
166,2.0,484.0,1175.0,1175,6,1175,5,6,1960,1,red,0,NA,bad,3,1,6,1,0,1960,148000
207,2.0,672.0,360.0,1032,8,1812,5,9,1900,2,red,1,horrible,good,4,2,5,0,780,1996,140000
2365,2.0,440.0,765.0,765,7,1365,5,6,1973,1,red,1,okay,good,3,1,6,1,600,1973,125500
2123,2.0,546.0,794.0,882,7,1796,6,5,1998,2,red,0,NA,bad,3,1,5,1,914,1998,211000
595,1.0,429.0,925.0,925,5,925,5,6,1965,1,red,0,NA,bad,2,1,7,0,0,1965,117500
1192,2.0,470.0,732.0,732,7,1464,5,6,1968,1,red,0,NA,bad,4,1,6,1,732,1968,141000
1749,2.0,534.0,1510.0,1525,6,1525,7,5,2006,2,red,1,good,good,3,1,4,1,0,2006,206580
1893,2.0,539.0,845.0,845,8,2154,6,7,1964,2,red,1,good,bad,5,1,7,1,1309,1997,224500
529,2.0,615.0,912.0,912,8,2094,7,5,2003,2,red,1,good,good,4,1,11,1,1182,2004,263000
2378,3.0,770.0,1980.0,1980,8,1980,9,5,2004,2,red,1,good,amazing,3,1,9,0,0,2005,315000
473,2.0,397.0,1145.0,1145,5,1145,7,5,2005,2,red,1,good,good,2,1,9,0,0,2006,160200
1373,1.0,312.0,720.0,720,7,1271,5,5,1948,2,red,1,good,bad,4,1,8,0,551,1950,135000
2205,1.0,240.0,918.0,918,7,1646,7,5,1941,2,red,2,good,bad,4,1,8,0,728,1950,164000
1558,1.0,216.0,592.0,432,5,864,4,6,1920,1,red,0,NA,okay,3,1,6,1,432,1950,65000
942,0.0,0.0,1013.0,1013,6,1526,3,2,1915,1,red,0,NA,okay,2,1,10,0,0,1982,85000
1927,2.0,484.0,1657.0,1657,7,1657,6,3,1970,2,red,1,bad,bad,3,1,3,0,0,1970,163500
1648,2.0,481.0,780.0,1085,9,1930,7,5,1979,2,red,1,bad,good,4,1,3,1,845,1979,192000
1492,2.0,588.0,1138.0,1181,6,1181,4,5,1972,2,red,0,NA,bad,3,1,4,0,0,1972,137500
1157,2.0,473.0,930.0,1364,9,2683,6,5,1990,2,red,2,good,good,4,1,6,1,1319,1991,290000
1945,3.0,1200.0,666.0,1308,9,3086,5,4,1935,3,red,0,NA,good,4,1,11,1,1778,2007,301600
971,2.0,412.0,1204.0,1204,5,1204,6,5,1998,2,red,0,NA,bad,2,1,6,0,0,1998,162000
1514,0.0,0.0,864.0,864,5,864,3,3,1914,1,green,0,NA,bad,2,1,9,0,0,1950,67000
25,1.0,304.0,1056.0,1056,6,1056,5,6,1968,1,red,1,okay,bad,3,1,7,0,0,1968,142000
1150,1.0,352.0,912.0,912,4,912,5,6,1962,1,red,0,NA,bad,2,1,9,0,0,1962,144000
2235,1.0,264.0,732.0,772,4,1123,4,5,1939,1,red,0,NA,bad,3,1,6,0,351,1950,100000
939,1.0,468.0,672.0,672,6,1344,5,7,1920,1,blue,0,NA,bad,3,1,7,0,672,1997,147000
1581,2.0,578.0,1256.0,1256,6,1256,6,5,1986,2,red,1,okay,good,3,1,3,0,0,1986,180000
856,1.0,336.0,864.0,864,6,864,5,8,1978,1,red,0,NA,bad,3,1,7,0,0,2005,136500
1674,2.0,522.0,1405.0,1337,5,1337,6,5,1997,2,red,1,bad,good,2,1,10,0,0,1998,177000
2694,1.0,297.0,803.0,803,6,1360,5,6,1938,1,red,0,NA,good,2,1,7,1,557,1995,125500
1035,1.0,288.0,936.0,936,4,936,4,6,1969,1,red,0,NA,bad,2,1,9,0,0,1969,111900
2224,2.0,552.0,1488.0,1488,7,1488,6,6,1968,2,red,2,good,bad,3,1,9,0,0,1968,215000
758,1.0,384.0,1204.0,1204,4,1666,6,6,1927,1,blue,0,NA,bad,3,1,8,0,462,1950,135000
2414,3.0,660.0,879.0,879,9,1863,7,5,2006,2,red,1,good,good,4,1,11,1,984,2006,219210
180,1.0,315.0,1008.0,1060,6,1245,5,6,1920,1,red,0,NA,bad,3,1,3,0,185,1962,100000
1290,1.0,308.0,728.0,728,7,1456,6,7,1915,1,red,0,NA,good,4,1,6,1,728,2005,139500
2542,2.0,624.0,864.0,864,5,864,5,5,1958,1,red,0,NA,bad,3,1,7,0,0,1958,129900
1457,3.0,660.0,1004.0,1004,7,1852,8,5,1999,2,red,2,bad,good,3,1,12,1,848,2000,230000
611,1.0,270.0,1041.0,1041,6,1041,5,6,1959,1,red,0,NA,bad,3,1,7,0,0,1959,124500
1375,0.0,0.0,644.0,808,6,1355,5,7,1940,2,red,0,NA,bad,4,2,9,0,547,1999,127500
2387,3.0,691.0,1117.0,1132,9,2452,8,5,2004,3,red,1,good,good,4,1,9,1,1320,2005,309000
1935,1.0,252.0,925.0,925,5,925,5,8,1956,1,red,0,NA,good,3,1,6,0,0,2003,127000
1930,1.0,336.0,864.0,1154,6,1154,5,9,1953,1,red,0,NA,amazing,3,1,7,1,0,2006,142000
94,2.0,588.0,840.0,840,3,1680,7,5,2004,2,red,0,NA,good,2,1,1,1,840,2004,190000
780,0.0,0.0,0.0,660,5,660,2,2,1947,1,red,0,NA,okay,2,1,6,0,0,1950,63900
641,2.0,495.0,1866.0,1866,8,1866,5,4,1958,2,red,0,NA,bad,4,2,12,0,0,1958,135000
1325,1.0,308.0,0.0,882,4,882,5,5,1956,1,blue,0,NA,bad,2,1,12,0,0,1956,97000
2377,2.0,460.0,855.0,855,6,1456,6,5,1976,2,red,1,bad,bad,3,1,7,1,601,1976,144000
2581,2.0,600.0,943.0,943,4,943,5,5,1979,1,red,2,bad,bad,2,1,12,0,0,1979,135960
2536,1.0,326.0,833.0,898,6,898,5,6,1968,1,red,0,NA,bad,3,1,8,0,0,1968,140000
1224,1.0,288.0,1032.0,1032,6,1252,6,5,1950,1,blue,0,NA,bad,3,1,4,0,220,1950,119000
1418,2.0,514.0,1475.0,1532,10,2329,7,5,1990,2,red,1,amazing,good,4,1,5,1,797,1990,262280
1607,1.0,423.0,983.0,983,7,1750,6,7,1940,2,red,0,NA,bad,4,1,7,0,767,1985,160000
1214,2.0,451.0,1114.0,1114,5,1114,5,5,1961,1,red,0,NA,bad,3,1,5,0,0,1961,140000
278,1.0,352.0,1008.0,1096,5,1096,6,6,1975,1,red,1,okay,bad,3,1,6,0,0,1975,125200
1168,2.0,545.0,1310.0,1310,5,1310,9,5,2001,1,red,1,bad,good,1,1,7,1,0,2001,285000
1222,1.0,231.0,348.0,453,5,906,4,7,1937,1,red,0,NA,bad,2,1,9,0,453,1950,87000
2114,2.0,619.0,929.0,946,7,1873,7,5,1988,2,red,1,bad,good,3,1,5,1,927,1988,207000
1120,2.0,588.0,1363.0,1372,6,1372,8,5,2007,2,red,0,NA,good,3,1,7,0,0,2008,212700
311,2.0,573.0,1560.0,1560,7,1560,7,5,2003,2,red,0,NA,good,3,1,4,0,0,2003,201000
2093,3.0,833.0,1104.0,912,8,2127,7,5,1991,2,red,1,bad,good,4,1,11,1,1215,1991,238000
885,2.0,480.0,1486.0,1486,7,1486,5,7,1964,1,red,0,NA,bad,3,1,3,0,0,1999,167000
86,1.0,280.0,882.0,900,5,900,5,5,1967,1,red,0,NA,bad,3,1,2,0,0,1967,122000
2802,2.0,420.0,848.0,848,4,848,6,5,2003,1,red,0,NA,good,1,1,4,0,0,2003,133000
1458,2.0,541.0,1153.0,1153,8,2031,7,5,1998,2,red,1,bad,good,3,1,7,1,878,1999,222500
2656,1.0,250.0,798.0,840,5,840,3,4,1920,1,red,0,NA,okay,2,1,6,0,0,1950,64000
209,1.0,365.0,1422.0,1675,8,1675,5,5,1959,2,red,2,good,bad,3,1,5,0,0,1959,173000
1999,1.0,216.0,1149.0,1149,5,1616,6,7,1926,2,blue,0,NA,good,3,1,10,0,467,2004,152000
2690,2.0,370.0,596.0,834,7,1430,4,5,1924,2,green,0,NA,okay,3,1,10,0,596,1950,107000
2020,1.0,180.0,960.0,986,5,986,6,5,1926,1,red,1,good,bad,2,1,5,0,0,1950,102000
2208,1.0,240.0,920.0,954,5,954,5,7,1938,1,red,1,good,okay,2,1,6,0,0,1950,119750
946,3.0,642.0,1107.0,1040,7,2052,8,5,2000,2,red,1,bad,good,3,1,5,1,1012,2001,251000
2181,3.0,884.0,3138.0,3138,11,4676,10,5,2007,3,red,1,good,amazing,3,1,10,1,1538,2008,184750
2468,2.0,453.0,1257.0,1266,6,1266,7,5,2005,2,red,1,bad,good,3,1,4,0,0,2005,176000
130,0.0,0.0,728.0,1306,6,1306,3,2,1940,1,red,0,NA,okay,3,1,5,0,0,1966,76500
1752,2.0,434.0,847.0,847,8,1948,7,5,2003,2,red,1,good,good,4,1,7,1,1101,2003,211000
2105,2.0,440.0,728.0,728,8,1456,7,5,2006,2,red,1,bad,good,3,1,7,1,728,2006,155835
969,1.0,384.0,1008.0,1008,6,1008,5,7,1968,1,red,0,NA,good,3,1,4,0,0,1968,139500
559,1.0,300.0,912.0,912,6,912,5,8,1963,1,red,0,NA,good,3,1,10,0,0,1995,129000
2461,3.0,792.0,2036.0,2036,11,2640,9,5,2006,3,red,1,good,amazing,3,1,11,1,604,2006,405749
1962,1.0,254.0,1010.0,1134,6,1134,5,7,1960,1,red,0,NA,bad,2,1,4,0,0,2002,135000
1563,3.0,786.0,1840.0,2032,7,2032,7,5,1996,3,red,0,NA,good,3,1,9,0,0,1997,300000
2474,2.0,576.0,1158.0,1158,5,1158,6,5,2004,1,red,0,NA,good,3,1,5,1,0,2004,158000
201,2.0,480.0,576.0,902,9,1710,7,6,1921,2,red,0,NA,bad,3,1,4,0,808,1950,140000
2056,1.0,300.0,948.0,948,6,948,5,5,1968,1,red,0,NA,bad,3,1,5,0,0,1968,108000
372,2.0,544.0,1386.0,1411,6,1411,7,5,1977,2,red,1,bad,bad,3,1,4,0,0,1977,82500
988,2.0,898.0,784.0,784,7,1632,5,7,1969,1,red,1,bad,bad,4,1,4,1,848,1969,173000
1663,2.0,576.0,981.0,981,5,981,6,5,1971,1,red,0,NA,bad,3,1,3,1,0,1971,143250
2478,2.0,484.0,761.0,810,7,1603,6,5,1992,2,red,0,NA,good,3,1,7,1,793,1992,175900
829,2.0,632.0,1232.0,1232,6,1232,7,5,2007,2,red,0,NA,good,2,1,2,0,0,2007,194500
1986,2.0,342.0,1075.0,1156,7,1798,4,8,1900,2,red,0,NA,bad,4,1,5,1,642,1950,137000
1337,1.0,672.0,825.0,825,5,1497,6,7,1937,2,red,0,NA,bad,3,1,5,0,672,2000,157000
1936,2.0,572.0,384.0,1360,6,1360,5,5,1955,1,red,1,bad,bad,3,1,2,0,0,1955,130000
259,1.0,308.0,1026.0,1026,5,1026,5,8,1977,1,red,0,NA,bad,3,1,6,1,0,2004,150000
1495,2.0,440.0,684.0,684,6,1398,6,7,1976,1,red,1,bad,bad,3,1,2,1,714,2001,160500
1728,2.0,400.0,768.0,768,6,1536,6,5,2005,2,red,1,good,good,3,1,6,1,768,2006,176000
2257,1.0,308.0,1350.0,1328,5,1328,5,6,1959,1,red,2,good,bad,2,1,7,1,0,1959,170000
1634,2.0,484.0,1312.0,1321,4,1321,8,5,1990,1,red,1,bad,good,1,1,8,0,0,1990,212000
1351,2.0,370.0,833.0,1053,8,1848,6,7,1923,1,red,1,good,good,4,1,6,1,795,2000,207000
564,2.0,524.0,975.0,975,7,1755,7,8,1991,2,red,1,bad,good,3,1,7,1,780,2008,235000
1908,1.0,240.0,768.0,968,6,1376,5,5,1941,1,red,1,good,bad,3,1,4,0,408,1950,105000
377,2.0,588.0,1372.0,1472,6,1472,7,5,1980,2,red,2,bad,bad,3,1,6,0,0,1980,187500
2816,2.0,528.0,676.0,760,6,1436,4,6,1910,2,red,0,NA,bad,3,1,10,0,676,2000,98000
1713,2.0,554.0,1721.0,1721,7,1721,8,5,2005,2,red,0,NA,good,3,1,1,0,0,2005,232698
1183,2.0,550.0,1426.0,1671,6,1671,8,9,1976,3,red,1,good,amazing,3,1,5,0,0,2007,290000
2057,2.0,576.0,768.0,868,6,868,5,6,1971,1,red,0,NA,bad,2,1,5,0,0,1990,119900
1220,0.0,0.0,270.0,729,5,729,3,6,1935,1,red,0,NA,bad,2,1,7,0,0,2003,52000
987,2.0,714.0,1567.0,1567,5,1567,6,5,1977,2,red,2,bad,good,2,1,5,0,0,1977,196000
1171,2.0,506.0,1698.0,1709,5,1709,9,5,1999,2,red,1,bad,good,2,1,1,0,0,2000,328900
2069,1.0,303.0,1158.0,1176,6,1176,5,6,1958,1,red,2,good,bad,3,1,10,0,0,1998,137000
2894,2.0,511.0,1686.0,1707,6,1707,8,6,1981,2,red,1,bad,bad,2,1,1,1,0,1981,228000
1087,2.0,400.0,856.0,1166,5,1166,7,5,2005,2,red,0,NA,good,2,1,7,0,0,2005,190000
784,2.0,539.0,861.0,861,4,861,4,5,1940,1,red,0,NA,bad,1,1,3,0,0,1950,82500
328,1.0,336.0,536.0,536,4,1112,5,3,1976,1,red,0,NA,bad,3,1,4,1,576,1976,85000
2292,2.0,678.0,923.0,1008,4,1008,5,5,1977,1,red,1,okay,good,1,1,7,0,0,1977,153500
84,2.0,576.0,1109.0,1155,6,1155,5,7,1961,1,red,0,NA,good,3,1,6,0,0,1995,148000
2729,2.0,440.0,864.0,894,5,894,5,5,1974,1,red,1,okay,bad,3,1,6,0,0,1974,142500
1618,2.0,460.0,916.0,916,7,1600,6,5,1997,2,red,1,bad,bad,3,1,8,1,684,1997,169000
2707,1.0,264.0,1059.0,1068,6,1068,6,8,1963,1,red,0,NA,bad,3,1,2,0,0,2003,154500
2489,2.0,492.0,506.0,1212,6,1212,6,7,1977,1,red,1,bad,bad,3,1,7,0,0,1995,151000
1952,1.0,276.0,725.0,1035,6,1651,7,5,1963,2,red,2,bad,bad,4,1,10,0,616,1999,172000
91,3.0,762.0,1231.0,1251,9,2349,8,5,1993,2,red,1,bad,good,4,1,6,1,1098,1993,362500
434,3.0,834.0,1736.0,1736,7,1736,9,5,2008,2,red,1,good,amazing,3,1,7,0,0,2008,360000
2382,3.0,850.0,2076.0,2076,7,2076,10,5,2006,2,red,1,good,amazing,2,1,9,1,0,2006,465000
2139,2.0,440.0,864.0,879,5,879,5,6,1975,1,red,0,NA,bad,3,1,9,0,0,1975,120000
1367,0.0,0.0,901.0,1088,7,1198,6,7,1920,1,red,0,NA,bad,4,1,9,0,110,1998,79900
260,1.0,299.0,689.0,689,6,1392,6,7,1977,1,red,0,NA,bad,3,1,3,1,703,1977,161750
901,1.0,288.0,672.0,960,5,960,4,3,1956,1,blue,0,NA,bad,3,1,10,0,0,1956,112000
2892,1.0,312.0,0.0,1295,5,1295,7,5,1986,2,red,0,NA,good,2,1,11,0,0,1986,230000
1489,2.0,504.0,456.0,1033,6,1033,5,5,1976,1,red,0,NA,bad,3,1,4,0,0,1976,165000
1670,1.0,270.0,914.0,914,4,914,4,7,1961,1,red,0,NA,bad,2,1,7,0,0,1961,128000
392,0.0,0.0,896.0,896,8,1792,5,5,1974,2,red,0,NA,bad,4,2,9,2,896,1974,136000
2426,2.0,440.0,1142.0,1142,6,1142,7,5,2005,2,red,0,NA,good,2,1,6,0,0,2006,156820
276,1.0,336.0,1196.0,1196,6,1196,5,6,1968,1,red,0,NA,bad,3,1,6,0,0,1968,144000
766,1.0,300.0,672.0,697,6,1369,6,6,1925,2,red,0,NA,bad,3,1,7,0,672,1950,103600
1957,1.0,240.0,1082.0,1082,5,1082,6,5,1948,1,red,1,good,bad,2,1,11,0,0,1950,119200
1988,2.0,480.0,968.0,968,5,968,5,6,1923,1,red,0,NA,bad,2,1,7,0,0,2006,100000
2883,2.0,495.0,1573.0,1778,5,1778,8,5,2005,2,red,1,good,amazing,2,1,2,0,0,2006,375000
2213,3.0,864.0,1370.0,1370,10,2624,6,6,1918,2,blue,1,good,bad,4,1,11,1,1254,1950,239000
813,2.0,672.0,1094.0,1229,6,1229,5,5,1979,0,red,2,bad,good,2,2,6,2,0,1979,148325
2110,2.0,524.0,1270.0,1270,6,1270,7,5,2005,2,red,0,NA,good,2,1,7,0,0,2006,175900
1223,2.0,450.0,1296.0,1496,6,1496,5,6,1960,2,red,0,NA,good,3,1,2,0,0,1960,141500
2604,2.0,520.0,954.0,1766,10,2414,5,4,1900,2,blue,1,good,bad,3,2,5,0,648,1970,160000
2772,2.0,576.0,990.0,990,5,990,5,5,1995,1,red,0,NA,bad,3,1,7,0,0,1995,156000
151,1.0,264.0,988.0,988,5,988,5,5,1958,1,red,0,NA,bad,2,1,4,0,0,1958,119000
2333,3.0,666.0,1234.0,1264,10,2576,8,5,2006,2,red,1,good,amazing,4,1,7,1,1312,2006,361919
721,2.0,324.0,650.0,832,7,1482,7,9,1920,1,red,0,NA,bad,3,1,7,0,650,1988,143000
2637,1.0,240.0,1212.0,1226,6,1668,5,6,1948,1,blue,0,NA,bad,3,1,5,0,442,1950,135000
548,2.0,542.0,1332.0,1332,5,1332,6,5,1990,2,red,0,NA,good,2,1,2,0,0,1991,145000
643,1.0,270.0,608.0,1319,5,1319,5,6,1953,1,red,0,NA,bad,3,1,11,0,0,1953,123000
2794,2.0,529.0,872.0,872,8,1909,7,5,2002,2,red,0,NA,good,4,1,9,1,1037,2002,197000
427,3.0,864.0,1365.0,1365,8,2690,9,5,2009,2,red,1,good,amazing,3,1,7,1,1325,2009,398800
663,1.0,338.0,840.0,840,6,1374,4,6,1920,1,red,0,NA,bad,2,1,10,0,534,1950,105000
807,2.0,410.0,0.0,1535,8,1535,5,5,1979,2,red,0,NA,bad,4,2,6,0,0,1979,118964
2905,2.0,402.0,1216.0,1216,5,1216,6,5,1998,2,red,0,NA,bad,2,1,5,0,0,1998,164000
2041,1.0,308.0,925.0,964,9,1889,7,4,1910,1,green,1,good,bad,4,2,1,1,925,1950,122000
99,2.0,484.0,1470.0,1478,7,1478,7,5,2009,2,red,1,good,good,2,1,6,1,0,2009,222000
2540,2.0,495.0,825.0,1097,8,1993,6,5,1971,2,red,1,good,bad,4,1,6,1,896,1971,190000
1902,0.0,0.0,666.0,666,4,666,3,3,1946,1,red,0,NA,good,2,1,4,0,0,1950,64500
2079,1.0,332.0,988.0,988,6,1626,6,6,1954,1,red,0,NA,good,3,1,5,1,638,1954,154000
765,0.0,0.0,683.0,904,4,904,1,1,1922,0,blue,0,NA,okay,1,1,3,1,0,1950,61000
991,2.0,576.0,952.0,1092,9,2112,6,5,1969,2,red,2,good,bad,4,1,6,1,1020,1969,206900
2199,1.0,240.0,651.0,759,8,1298,6,7,1921,2,red,1,good,bad,2,1,8,0,539,2005,146500
1972,1.0,288.0,896.0,936,6,936,5,5,1962,1,red,1,horrible,bad,3,1,10,0,0,1962,130000
2874,0.0,0.0,432.0,672,4,672,4,4,1925,1,blue,0,NA,bad,2,1,6,0,0,1950,72000
2154,3.0,702.0,1626.0,1668,7,1668,9,5,2002,2,red,1,bad,good,3,1,7,0,0,2002,285000
541,2.0,576.0,1114.0,1114,6,1114,5,5,2003,2,red,0,NA,good,3,1,6,0,0,2004,153000
1730,2.0,454.0,608.0,608,6,1458,7,5,2006,2,red,0,NA,good,3,1,5,0,850,2007,168165
2262,3.0,722.0,1571.0,1571,7,1571,8,5,2007,2,red,1,good,good,3,1,12,0,0,2007,239000
2169,2.0,520.0,1088.0,1088,4,1088,4,6,1963,1,red,0,NA,bad,2,1,6,0,0,1963,110000
2645,1.0,280.0,1032.0,1032,5,1032,6,5,1924,1,blue,0,NA,bad,2,1,6,0,0,1950,108000
709,0.0,0.0,600.0,600,6,968,3,6,1910,1,red,0,NA,bad,2,1,5,0,368,1950,37900
2405,2.0,474.0,1368.0,1368,6,1368,7,5,2005,2,red,1,good,good,2,1,9,0,0,2006,202500
2696,0.0,0.0,520.0,520,5,754,6,8,1935,1,red,0,NA,bad,2,1,6,0,0,1982,84500
2695,1.0,210.0,1007.0,1077,6,1077,3,4,1922,1,red,1,good,bad,3,1,5,0,0,1950,91000
1858,2.0,512.0,528.0,1094,7,1855,6,7,1976,2,red,1,bad,bad,3,1,8,1,761,1994,187000
1808,2.0,576.0,1094.0,1094,6,1094,5,5,2003,1,red,0,NA,good,3,1,5,0,0,2004,149000
280,0.0,0.0,960.0,960,5,960,4,5,1958,1,red,0,NA,bad,3,1,5,0,0,1958,90000
1048,2.0,440.0,1055.0,1055,4,1055,7,6,1977,2,red,0,NA,bad,2,1,9,0,0,1977,148500
1761,3.0,925.0,1779.0,1779,8,2551,8,5,1997,2,red,2,bad,good,4,1,6,1,772,1998,384500
773,2.0,504.0,456.0,1034,5,1034,6,5,1978,1,red,1,okay,bad,3,1,6,0,0,1978,149900
848,2.0,622.0,944.0,944,6,1840,7,5,2001,2,red,0,NA,good,3,1,6,1,896,2001,230000
1682,1.0,319.0,1061.0,1055,4,1055,7,7,1978,2,red,0,NA,bad,2,1,4,0,0,1978,142500
2653,1.0,200.0,492.0,492,3,492,3,5,1921,1,red,0,NA,bad,1,1,6,0,0,1950,61500
2781,2.0,576.0,911.0,954,6,954,5,5,1976,1,red,0,NA,bad,3,1,7,0,0,1976,132500
